,datetime,tempmax,tempmin,temp,precip,precipprob,precipcover,preciptype,cloudcover,icon
0,2022-01-01,17.2,6.3,10.6,38.861,100.0,4.17,['rain'],32.8,rain
1,2022-01-02,18.2,3.5,9.6,0.0,0.0,0.0,,33.7,partly-cloudy-day
2,2022-01-03,17.1,4.8,10.1,0.0,0.0,0.0,,37.5,partly-cloudy-day
3,2022-01-04,19.6,7.7,12.8,0.0,0.0,0.0,,12.9,clear-day
4,2022-01-05,15.7,9.6,12.3,0.0,0.0,0.0,,26.7,partly-cloudy-day
5,2022-01-06,14.6,4.9,9.0,0.79,100.0,12.5,['rain'],21.6,rain
6,2022-01-07,15.0,3.2,8.2,0.0,0.0,0.0,,9.7,clear-day
7,2022-01-08,17.0,4.1,10.0,0.0,0.0,0.0,,12.3,clear-day
8,2022-01-09,20.4,8.0,14.3,0.0,0.0,0.0,,66.0,partly-cloudy-day
9,2022-01-10,21.5,14.5,17.2,0.0,0.0,0.0,,27.0,partly-cloudy-day
10,2022-01-11,14.2,7.6,11.2,3.152,100.0,33.33,['rain'],65.0,rain
11,2022-01-12,15.1,6.0,9.7,0.0,0.0,0.0,['rain'],39.7,partly-cloudy-day
12,2022-01-13,13.9,6.1,9.3,1.665,100.0,25.0,['rain'],36.7,rain
13,2022-01-14,12.9,3.3,7.4,0.0,0.0,0.0,,31.9,partly-cloudy-day
14,2022-01-15,14.5,3.0,8.0,0.0,0.0,0.0,,20.8,partly-cloudy-day
15,2022-01-16,14.5,1.6,7.1,0.0,0.0,0.0,,0.0,clear-day
16,2022-01-17,14.0,0.8,7.0,0.0,0.0,0.0,,9.0,clear-day
17,2022-01-18,14.6,1.0,6.9,0.0,0.0,0.0,,1.0,clear-day
18,2022-01-19,14.1,2.7,7.0,0.0,0.0,0.0,,45.5,partly-cloudy-day
19,2022-01-20,13.5,1.3,7.4,0.0,0.0,0.0,['rain'],53.1,partly-cloudy-day
20,2022-01-21,13.7,2.4,7.8,0.0,0.0,0.0,,33.2,partly-cloudy-day
21,2022-01-22,10.8,5.7,8.3,3.56,100.0,45.83,['rain'],73.3,rain
22,2022-01-23,10.8,7.4,8.7,1.409,100.0,50.0,['rain'],67.8,rain
23,2022-01-24,13.7,5.6,9.3,0.427,100.0,25.0,['rain'],53.9,rain
24,2022-01-25,13.9,8.2,10.5,3.152,100.0,41.67,['rain'],72.7,rain
25,2022-01-26,14.2,7.1,9.6,0.0,0.0,0.0,,36.0,partly-cloudy-day
26,2022-01-27,13.6,4.7,9.1,0.066,100.0,4.17,['rain'],42.0,rain
27,2022-01-28,15.4,3.7,8.8,0.0,0.0,0.0,,16.3,clear-day
28,2022-01-29,17.3,1.4,8.4,0.0,0.0,0.0,,0.0,clear-day
29,2022-01-30,19.4,1.8,9.0,0.0,0.0,0.0,,0.0,clear-day
30,2022-01-31,24.0,5.4,12.9,0.0,0.0,0.0,,5.9,clear-day
31,2022-02-01,16.6,6.8,11.2,0.0,0.0,0.0,,1.3,clear-day
32,2022-02-02,23.7,5.3,12.7,0.0,0.0,0.0,,1.0,clear-day
33,2022-02-03,22.1,5.9,12.8,0.0,0.0,0.0,,45.8,partly-cloudy-day
34,2022-02-04,19.1,10.3,14.0,0.0,0.0,0.0,,50.3,partly-cloudy-day
35,2022-02-05,16.0,10.0,12.8,0.114,100.0,12.5,['rain'],69.1,rain
36,2022-02-06,15.2,8.4,12.2,0.202,100.0,12.5,['rain'],76.9,rain
37,2022-02-07,17.2,4.8,10.7,0.0,0.0,0.0,,2.7,clear-day
38,2022-02-08,16.6,5.4,10.1,0.0,0.0,0.0,,20.8,partly-cloudy-day
39,2022-02-09,14.7,6.2,10.2,0.0,0.0,0.0,,82.5,partly-cloudy-day
40,2022-02-10,15.1,7.8,10.9,0.777,100.0,4.17,['rain'],70.6,rain
41,2022-02-11,15.3,4.9,9.8,0.0,0.0,0.0,,46.2,partly-cloudy-day
42,2022-02-12,16.5,4.7,10.2,0.0,0.0,0.0,,48.1,partly-cloudy-day
43,2022-02-13,16.6,4.6,10.5,0.0,0.0,0.0,,26.2,partly-cloudy-day
44,2022-02-14,19.0,7.7,12.6,0.019,100.0,4.17,['rain'],35.2,rain
45,2022-02-15,18.9,7.6,12.9,0.0,0.0,0.0,,17.3,clear-day
46,2022-02-16,21.0,7.6,13.8,0.0,0.0,0.0,,51.1,partly-cloudy-day
47,2022-02-17,20.9,10.6,15.1,0.0,0.0,0.0,,3.5,clear-day
48,2022-02-18,21.7,6.4,13.3,0.0,0.0,0.0,,21.4,partly-cloudy-day
49,2022-02-19,16.9,9.2,12.7,2.061,100.0,20.83,['rain'],82.8,rain
50,2022-02-20,15.6,8.6,12.2,0.0,0.0,0.0,,64.3,partly-cloudy-day
51,2022-02-21,20.9,6.0,12.7,0.0,0.0,0.0,,28.0,partly-cloudy-day
52,2022-02-22,18.5,5.8,12.3,0.0,0.0,0.0,,0.9,clear-day
53,2022-02-23,17.3,4.5,11.1,0.0,0.0,0.0,,50.6,partly-cloudy-day
54,2022-02-24,18.4,5.5,12.3,0.0,0.0,0.0,,52.0,partly-cloudy-day
55,2022-02-25,15.0,11.3,13.0,0.057,100.0,12.5,['rain'],75.1,rain
56,2022-02-26,14.4,10.0,11.9,0.656,100.0,29.17,['rain'],75.9,rain
57,2022-02-27,14.0,8.5,11.1,0.431,100.0,12.5,['rain'],69.1,rain
58,2022-02-28,16.6,7.4,11.5,0.198,100.0,8.33,['rain'],34.2,rain
59,2022-03-01,18.2,5.6,11.7,0.0,0.0,0.0,,18.4,clear-day
60,2022-03-02,19.0,6.4,12.8,0.0,0.0,0.0,,45.1,partly-cloudy-day
61,2022-03-03,19.1,9.4,13.9,0.323,100.0,4.17,['rain'],55.4,rain
62,2022-03-04,14.0,9.1,12.0,61.94,100.0,66.67,['rain'],78.4,rain
63,2022-03-05,14.9,7.0,10.8,0.574,100.0,12.5,['rain'],66.5,rain
64,2022-03-06,12.7,9.2,10.3,4.022,100.0,79.17,['rain'],86.8,rain
65,2022-03-07,13.1,8.9,10.4,8.481,100.0,83.33,['rain'],85.0,rain
66,2022-03-08,15.9,6.6,10.6,0.981,100.0,12.5,['rain'],58.9,rain
67,2022-03-09,16.2,5.2,11.1,0.0,0.0,0.0,,28.3,partly-cloudy-day
68,2022-03-10,16.6,6.7,11.6,0.0,0.0,0.0,,53.6,partly-cloudy-day
69,2022-03-11,16.7,7.6,12.1,1.106,100.0,25.0,['rain'],48.8,rain
70,2022-03-12,20.5,9.3,14.0,4.582,100.0,16.67,['rain'],44.1,rain
71,2022-03-13,20.3,10.3,14.2,0.0,0.0,0.0,,75.9,partly-cloudy-day
72,2022-03-14,20.3,11.3,14.9,2.217,100.0,33.33,['rain'],82.0,rain
73,2022-03-15,20.8,17.4,18.5,0.019,100.0,4.17,['rain'],89.3,rain
74,2022-03-16,18.2,12.3,15.2,8.064,100.0,79.17,['rain'],80.4,rain
75,2022-03-17,15.7,11.9,12.8,23.506,100.0,91.67,['rain'],91.2,rain
76,2022-03-18,16.2,10.7,12.7,3.363,100.0,70.83,['rain'],69.6,rain
77,2022-03-19,15.5,10.4,12.5,1.522,100.0,62.5,['rain'],66.1,rain
78,2022-03-20,16.1,10.7,12.8,4.305,100.0,79.17,['rain'],79.9,rain
79,2022-03-21,15.5,12.4,13.4,8.69,100.0,79.17,['rain'],94.1,rain
80,2022-03-22,13.5,10.8,12.2,12.326,100.0,83.33,['rain'],97.4,rain
81,2022-03-23,13.0,10.8,11.6,29.228,100.0,87.5,['rain'],92.6,rain
82,2022-03-24,15.9,12.1,13.5,10.237,100.0,75.0,['rain'],74.7,rain
83,2022-03-25,15.1,12.3,13.3,8.823,100.0,75.0,['rain'],85.9,rain
84,2022-03-26,15.0,10.7,12.8,6.34,100.0,83.33,['rain'],75.4,rain
85,2022-03-27,16.8,9.7,13.1,0.439,100.0,29.17,['rain'],62.3,rain
86,2022-03-28,16.2,8.0,12.3,0.0,0.0,0.0,,64.4,partly-cloudy-day
87,2022-03-29,18.0,9.9,13.8,0.0,0.0,0.0,,70.0,partly-cloudy-day
88,2022-03-30,15.2,11.4,13.0,16.523,100.0,37.5,['rain'],76.4,rain
89,2022-03-31,18.6,9.8,13.8,3.582,100.0,29.17,['rain'],49.7,rain
90,2022-04-01,18.3,10.3,13.1,0.198,100.0,8.33,['rain'],53.2,rain
91,2022-04-02,17.3,5.1,10.3,0.0,0.0,0.0,,13.8,clear-day
92,2022-04-03,12.3,2.5,8.6,0.0,0.0,0.0,,46.7,partly-cloudy-day
93,2022-04-04,10.9,7.8,8.8,3.493,100.0,66.67,['rain'],82.4,rain
94,2022-04-05,11.0,7.6,8.9,26.935,100.0,87.5,['rain'],89.6,rain
95,2022-04-06,17.5,5.6,10.8,3.141,100.0,33.33,['rain'],61.3,rain
96,2022-04-07,24.4,11.6,17.2,0.0,0.0,0.0,,0.6,clear-day
97,2022-04-08,25.4,13.1,18.9,0.0,0.0,0.0,,30.5,partly-cloudy-day
98,2022-04-09,24.8,16.4,19.5,0.0,0.0,0.0,,60.0,partly-cloudy-day
99,2022-04-10,17.9,14.1,15.9,0.0,0.0,0.0,,45.7,partly-cloudy-day
100,2022-04-11,18.6,10.1,15.0,0.0,0.0,0.0,,53.6,partly-cloudy-day
101,2022-04-12,17.3,13.9,15.7,0.0,0.0,0.0,['rain'],64.8,partly-cloudy-day
102,2022-04-13,18.4,13.1,14.9,19.978,100.0,4.17,['rain'],85.4,rain
103,2022-04-14,21.8,13.5,16.8,5.794,100.0,4.17,['rain'],64.8,rain
104,2022-04-15,24.1,15.9,19.0,0.0,0.0,0.0,,45.1,partly-cloudy-day
105,2022-04-16,25.8,12.0,19.1,0.0,0.0,0.0,,7.3,clear-day
106,2022-04-17,24.9,12.7,18.4,0.0,0.0,0.0,,12.3,clear-day
107,2022-04-18,22.5,13.0,17.8,0.0,0.0,0.0,,63.7,partly-cloudy-day
108,2022-04-19,21.6,14.8,17.6,0.039,100.0,4.17,['rain'],49.6,rain
109,2022-04-20,16.4,10.7,13.2,19.264,100.0,37.5,['rain'],77.3,rain
110,2022-04-21,21.9,11.4,15.9,0.0,0.0,0.0,,51.5,partly-cloudy-day
111,2022-04-22,19.4,10.3,15.2,0.0,0.0,0.0,,61.4,partly-cloudy-day
112,2022-04-23,21.0,11.7,15.8,0.316,100.0,8.33,['rain'],41.9,rain
113,2022-04-24,22.5,9.9,16.3,0.0,0.0,0.0,,15.1,clear-day
114,2022-04-25,19.9,10.0,15.6,0.0,0.0,0.0,,37.1,partly-cloudy-day
115,2022-04-26,19.8,11.1,15.6,0.0,0.0,0.0,,60.5,partly-cloudy-day
116,2022-04-27,18.1,13.7,15.5,0.661,100.0,12.5,['rain'],69.0,rain
117,2022-04-28,15.4,13.5,14.4,7.726,100.0,50.0,['rain'],82.0,rain
118,2022-04-29,21.3,10.8,16.4,0.0,0.0,0.0,,19.6,clear-day
119,2022-04-30,23.9,12.3,18.1,0.0,0.0,0.0,['rain'],27.1,partly-cloudy-day
120,2022-05-01,21.8,14.0,18.4,0.544,100.0,8.33,['rain'],37.7,rain
121,2022-05-02,20.5,15.1,17.7,0.0,0.0,0.0,['rain'],49.4,partly-cloudy-day
122,2022-05-03,21.6,12.3,17.2,0.0,0.0,0.0,['rain'],45.2,partly-cloudy-day
123,2022-05-04,16.3,14.0,15.0,23.431,100.0,50.0,['rain'],75.9,rain
124,2022-05-05,22.2,15.5,18.1,0.0,0.0,0.0,,54.0,partly-cloudy-day
125,2022-05-06,21.0,11.6,16.7,0.0,0.0,0.0,,24.9,partly-cloudy-day
126,2022-05-07,22.8,11.2,17.9,0.0,0.0,0.0,,27.5,partly-cloudy-day
127,2022-05-08,23.8,11.8,18.4,0.0,0.0,0.0,,20.2,partly-cloudy-day
128,2022-05-09,23.9,12.6,18.6,0.0,0.0,0.0,,35.1,partly-cloudy-day
129,2022-05-10,23.6,12.4,18.6,0.0,0.0,0.0,,1.5,clear-day
130,2022-05-11,24.5,13.1,18.9,0.0,0.0,0.0,,2.2,clear-day
131,2022-05-12,24.0,13.1,18.8,0.0,0.0,0.0,,61.0,partly-cloudy-day
132,2022-05-13,23.5,14.8,19.5,0.0,0.0,0.0,,25.6,partly-cloudy-day
133,2022-05-14,24.9,14.6,20.5,0.0,0.0,0.0,,53.7,partly-cloudy-day
134,2022-05-15,25.9,14.2,20.6,0.0,0.0,0.0,,59.0,partly-cloudy-day
135,2022-05-16,26.1,15.7,21.1,0.0,0.0,0.0,,45.2,partly-cloudy-day
136,2022-05-17,27.0,16.6,21.7,0.0,0.0,0.0,,10.3,clear-day
137,2022-05-18,26.0,17.3,22.0,0.0,0.0,0.0,,15.1,clear-day
138,2022-05-19,27.4,17.5,23.0,0.0,0.0,0.0,,27.9,partly-cloudy-day
139,2022-05-20,29.5,18.2,24.5,0.0,0.0,0.0,,38.7,partly-cloudy-day
140,2022-05-21,27.3,18.0,23.6,0.0,0.0,0.0,,22.7,partly-cloudy-day
141,2022-05-22,27.7,17.1,23.2,0.0,0.0,0.0,,35.8,partly-cloudy-day
142,2022-05-23,33.0,19.5,25.7,0.0,0.0,0.0,,19.5,clear-day
143,2022-05-24,25.7,19.3,22.5,0.0,0.0,0.0,['rain'],40.8,partly-cloudy-day
144,2022-05-25,24.0,16.0,20.3,0.31,100.0,8.33,['rain'],33.2,rain
145,2022-05-26,25.8,13.0,20.4,0.0,0.0,0.0,,5.3,clear-day
146,2022-05-27,27.8,15.6,21.9,0.0,0.0,0.0,,1.4,clear-day
147,2022-05-28,29.3,16.1,23.2,0.0,0.0,0.0,,15.3,clear-day
148,2022-05-29,35.0,18.5,25.6,0.0,0.0,0.0,,42.4,partly-cloudy-day
149,2022-05-30,32.0,17.6,24.3,0.0,0.0,0.0,,52.0,partly-cloudy-day
150,2022-05-31,26.0,19.4,22.7,0.0,0.0,0.0,['rain'],26.7,partly-cloudy-day
151,2022-06-01,26.1,18.1,22.5,0.0,0.0,0.0,,34.1,partly-cloudy-day
152,2022-06-02,25.5,16.8,22.0,0.0,0.0,0.0,,50.7,partly-cloudy-day
153,2022-06-03,26.5,20.5,23.4,0.0,0.0,0.0,,56.8,partly-cloudy-day
154,2022-06-04,27.6,17.7,23.3,0.0,0.0,0.0,,27.7,partly-cloudy-day
155,2022-06-05,32.4,19.7,25.7,0.0,0.0,0.0,,68.6,partly-cloudy-day
156,2022-06-06,28.1,18.3,24.0,0.0,0.0,0.0,,13.0,clear-day
157,2022-06-07,28.0,19.4,24.0,0.0,0.0,0.0,,26.0,partly-cloudy-day
158,2022-06-08,29.4,18.3,24.3,0.0,0.0,0.0,,55.5,partly-cloudy-day
159,2022-06-09,28.5,21.8,24.9,0.0,0.0,0.0,,45.6,partly-cloudy-day
160,2022-06-10,27.5,19.0,23.8,0.0,0.0,0.0,,17.7,clear-day
161,2022-06-11,28.5,18.5,24.4,0.0,0.0,0.0,,0.3,clear-day
162,2022-06-12,30.4,17.8,24.8,0.0,0.0,0.0,,6.0,clear-day
163,2022-06-13,29.4,19.7,25.2,0.0,0.0,0.0,,34.9,partly-cloudy-day
164,2022-06-14,31.8,19.5,25.9,0.0,0.0,0.0,,45.7,partly-cloudy-day
165,2022-06-15,33.8,22.5,27.7,0.0,0.0,0.0,,53.0,partly-cloudy-day
166,2022-06-16,34.5,22.4,28.2,0.0,0.0,0.0,,36.4,partly-cloudy-day
167,2022-06-17,35.5,22.5,29.1,0.0,0.0,0.0,,1.8,clear-day
168,2022-06-18,35.1,21.3,28.4,0.0,0.0,0.0,,1.7,clear-day
169,2022-06-19,30.1,22.4,26.7,0.0,0.0,0.0,,15.2,clear-day
170,2022-06-20,29.2,21.9,25.5,0.0,0.0,0.0,,39.5,partly-cloudy-day
171,2022-06-21,29.4,22.6,25.4,10.166,100.0,8.33,['rain'],65.7,rain
172,2022-06-22,29.7,21.1,25.2,0.0,0.0,0.0,['rain'],19.6,clear-day
173,2022-06-23,31.2,17.6,24.4,0.0,0.0,0.0,['rain'],12.5,clear-day
174,2022-06-24,32.3,19.3,25.3,0.0,0.0,0.0,,10.9,clear-day
175,2022-06-25,28.5,17.5,23.3,0.0,0.0,0.0,,11.0,clear-day
176,2022-06-26,26.9,18.1,22.9,0.0,0.0,0.0,,20.1,partly-cloudy-day
177,2022-06-27,27.0,20.2,23.7,0.0,0.0,0.0,['rain'],37.1,partly-cloudy-day
178,2022-06-28,28.1,20.6,24.7,0.0,0.0,0.0,,19.3,clear-day
179,2022-06-29,31.2,19.1,24.9,0.0,0.0,0.0,,2.2,clear-day
180,2022-06-30,28.2,19.9,24.5,0.0,0.0,0.0,,13.9,clear-day
181,2022-07-01,29.5,21.3,25.1,0.0,0.0,0.0,,35.9,partly-cloudy-day
182,2022-07-02,30.2,21.5,25.9,0.0,0.0,0.0,,24.8,partly-cloudy-day
183,2022-07-03,31.5,22.2,26.5,0.0,0.0,0.0,,59.3,partly-cloudy-day
184,2022-07-04,30.8,23.6,26.9,0.0,0.0,0.0,,20.9,partly-cloudy-day
185,2022-07-05,30.0,24.1,26.4,0.0,0.0,0.0,,60.5,partly-cloudy-day
186,2022-07-06,29.9,24.3,27.2,0.0,0.0,0.0,,46.1,partly-cloudy-day
187,2022-07-07,29.8,22.1,26.3,0.0,0.0,0.0,,12.3,clear-day
188,2022-07-08,31.0,20.3,26.1,0.0,0.0,0.0,,1.0,clear-day
189,2022-07-09,31.2,21.2,26.4,0.0,0.0,0.0,,2.8,clear-day
190,2022-07-10,31.7,20.6,26.7,0.0,0.0,0.0,,0.0,clear-day
191,2022-07-11,33.5,21.0,27.7,0.0,0.0,0.0,,4.6,clear-day
192,2022-07-12,33.0,22.5,28.1,0.0,0.0,0.0,,0.0,clear-day
193,2022-07-13,34.6,21.6,28.7,0.0,0.0,0.0,,0.0,clear-day
194,2022-07-14,34.1,22.1,28.3,0.0,0.0,0.0,,0.0,clear-day
195,2022-07-15,33.6,21.0,28.0,0.0,0.0,0.0,,1.5,clear-day
196,2022-07-16,35.3,21.1,28.6,0.0,0.0,0.0,,0.0,clear-day
197,2022-07-17,33.1,22.0,28.3,0.0,0.0,0.0,,0.0,clear-day
198,2022-07-18,33.2,21.5,28.2,0.0,0.0,0.0,,0.0,clear-day
199,2022-07-19,33.4,21.9,28.3,0.0,0.0,0.0,,2.8,clear-day
200,2022-07-20,31.2,21.8,27.2,0.0,0.0,0.0,,26.2,partly-cloudy-day
201,2022-07-21,33.5,22.6,28.6,0.0,0.0,0.0,,13.1,clear-day
202,2022-07-22,33.9,21.7,28.2,0.0,0.0,0.0,,5.4,clear-day
203,2022-07-23,32.2,22.0,28.0,0.0,0.0,0.0,,10.8,clear-day
204,2022-07-24,34.7,22.0,28.7,0.0,0.0,0.0,,1.1,clear-day
205,2022-07-25,39.4,22.8,30.0,0.0,0.0,0.0,,20.6,partly-cloudy-day
206,2022-07-26,32.9,26.2,29.3,0.0,0.0,0.0,['rain'],41.8,partly-cloudy-day
207,2022-07-27,31.0,26.0,28.5,0.0,0.0,0.0,['rain'],50.5,partly-cloudy-day
208,2022-07-28,31.7,24.9,28.4,0.0,0.0,0.0,['rain'],31.5,partly-cloudy-day
209,2022-07-29,31.7,26.0,28.7,0.0,0.0,0.0,,52.3,partly-cloudy-day
210,2022-07-30,31.4,25.6,28.5,0.0,0.0,0.0,,45.4,partly-cloudy-day
211,2022-07-31,31.0,24.8,28.5,0.0,0.0,0.0,,31.7,partly-cloudy-day
212,2022-08-01,32.4,24.0,28.5,0.0,0.0,0.0,,22.4,partly-cloudy-day
213,2022-08-02,34.0,23.4,29.0,0.0,0.0,0.0,,11.5,clear-day
214,2022-08-03,34.8,22.4,28.9,0.0,0.0,0.0,,0.3,clear-day
215,2022-08-04,34.0,22.7,28.6,0.0,0.0,0.0,,6.8,clear-day
216,2022-08-05,32.9,23.5,28.5,0.0,0.0,0.0,,2.3,clear-day
217,2022-08-06,33.1,22.5,28.4,0.0,0.0,0.0,,0.1,clear-day
218,2022-08-07,32.7,21.8,27.9,0.0,0.0,0.0,,0.8,clear-day
219,2022-08-08,32.5,21.8,27.7,0.0,0.0,0.0,,5.2,clear-day
220,2022-08-09,33.1,22.9,28.4,0.0,0.0,0.0,,19.3,clear-day
221,2022-08-10,33.7,24.6,28.7,0.0,0.0,0.0,,14.5,clear-day
222,2022-08-11,33.1,23.0,28.6,0.0,0.0,0.0,,1.9,clear-day
223,2022-08-12,35.0,21.4,28.7,0.0,0.0,0.0,,12.2,clear-day
224,2022-08-13,41.3,27.0,34.3,0.0,0.0,0.0,,44.2,partly-cloudy-day
225,2022-08-14,37.3,24.6,30.5,0.0,0.0,0.0,,38.3,partly-cloudy-day
226,2022-08-15,33.3,25.5,29.3,0.0,0.0,0.0,['rain'],12.4,clear-day
227,2022-08-16,33.7,21.5,27.6,0.0,0.0,0.0,,19.9,clear-day
228,2022-08-17,32.4,20.8,27.1,0.0,0.0,0.0,,19.3,clear-day
229,2022-08-18,30.5,22.9,26.6,0.0,0.0,0.0,,27.2,partly-cloudy-day
230,2022-08-19,30.8,22.2,26.7,0.0,0.0,0.0,,18.6,clear-day
231,2022-08-20,30.6,21.8,26.4,0.0,0.0,0.0,,9.7,clear-day
232,2022-08-21,32.4,20.5,26.7,0.0,0.0,0.0,,10.2,clear-day
233,2022-08-22,30.6,24.0,27.3,0.0,0.0,0.0,,27.0,partly-cloudy-day
234,2022-08-23,31.2,23.5,27.4,0.0,0.0,0.0,,22.8,partly-cloudy-day
235,2022-08-24,33.1,23.0,27.6,0.0,0.0,0.0,,28.0,partly-cloudy-day
236,2022-08-25,31.0,23.6,27.4,0.078,100.0,4.17,['rain'],26.1,rain
237,2022-08-26,30.6,24.8,27.7,0.0,0.0,0.0,,31.2,partly-cloudy-day
238,2022-08-27,30.8,22.5,26.7,0.1,100.0,4.17,['rain'],25.4,rain
239,2022-08-28,30.4,24.8,27.4,0.0,0.0,0.0,,27.2,partly-cloudy-day
240,2022-08-29,30.3,23.8,27.2,0.0,0.0,0.0,,53.9,partly-cloudy-day
241,2022-08-30,31.2,23.0,27.5,0.0,0.0,0.0,,33.1,partly-cloudy-day
242,2022-08-31,34.0,22.8,28.6,0.9,100.0,4.17,['rain'],24.9,rain
243,2022-09-01,30.2,22.8,26.7,0.0,0.0,0.0,,34.3,partly-cloudy-day
244,2022-09-02,35.3,23.0,28.4,0.0,0.0,0.0,,49.0,partly-cloudy-day
245,2022-09-03,31.7,22.0,26.8,0.0,0.0,0.0,,62.3,partly-cloudy-day
246,2022-09-04,30.0,20.2,25.8,0.0,0.0,0.0,,22.8,partly-cloudy-day
247,2022-09-05,30.7,22.5,26.6,0.0,0.0,0.0,,39.7,partly-cloudy-day
248,2022-09-06,31.0,20.7,26.2,0.0,0.0,0.0,,46.4,partly-cloudy-day
249,2022-09-07,32.7,20.9,26.7,0.0,0.0,0.0,,42.9,partly-cloudy-day
250,2022-09-08,33.2,22.4,27.4,0.0,0.0,0.0,,56.4,partly-cloudy-day
251,2022-09-09,31.5,20.8,26.3,0.0,0.0,0.0,,20.7,partly-cloudy-day
252,2022-09-10,30.3,21.2,26.1,0.0,0.0,0.0,,22.9,partly-cloudy-day
253,2022-09-11,30.1,19.7,25.6,0.0,0.0,0.0,,27.2,partly-cloudy-day
254,2022-09-12,31.6,21.5,27.0,0.0,0.0,0.0,['rain'],39.6,partly-cloudy-day
255,2022-09-13,29.4,25.8,27.7,0.122,100.0,4.17,['rain'],42.1,rain
256,2022-09-14,30.4,24.5,27.2,0.0,0.0,0.0,['rain'],52.4,partly-cloudy-day
257,2022-09-15,32.3,20.5,25.9,0.0,0.0,0.0,,31.7,partly-cloudy-day
258,2022-09-16,30.2,21.5,25.8,0.0,0.0,0.0,,32.2,partly-cloudy-day
259,2022-09-17,28.7,19.8,24.8,0.0,0.0,0.0,,30.2,partly-cloudy-day
260,2022-09-18,28.2,21.5,25.0,7.145,100.0,4.17,['rain'],59.5,rain
261,2022-09-19,28.0,20.4,24.5,0.0,0.0,0.0,,32.4,partly-cloudy-day
262,2022-09-20,28.1,19.3,23.9,0.0,0.0,0.0,,21.6,partly-cloudy-day
263,2022-09-21,26.0,21.1,23.7,0.0,0.0,0.0,,65.2,partly-cloudy-day
264,2022-09-22,28.7,19.9,23.4,0.0,0.0,0.0,['rain'],44.5,partly-cloudy-day
265,2022-09-23,28.0,19.1,23.5,0.6,100.0,4.17,['rain'],43.0,rain
266,2022-09-24,30.4,18.8,23.6,0.0,0.0,0.0,['rain'],46.6,partly-cloudy-day
267,2022-09-25,25.6,21.8,23.1,2.079,100.0,4.17,['rain'],60.1,rain
268,2022-09-26,26.0,18.4,21.7,5.469,100.0,4.17,['rain'],44.8,rain
269,2022-09-27,29.6,16.7,22.1,19.587,100.0,4.17,['rain'],9.1,rain
270,2022-09-28,31.0,18.5,23.8,0.0,0.0,0.0,,12.9,clear-day
271,2022-09-29,27.5,19.3,22.5,0.0,0.0,0.0,['rain'],71.2,partly-cloudy-day
272,2022-09-30,24.5,16.3,19.8,1.783,100.0,4.17,['rain'],32.7,rain
273,2022-10-01,25.4,14.2,19.9,0.0,0.0,0.0,,25.5,partly-cloudy-day
274,2022-10-02,25.5,14.7,20.3,0.0,0.0,0.0,,11.1,clear-day
275,2022-10-03,26.5,18.4,22.0,0.0,0.0,0.0,['rain'],61.6,partly-cloudy-day
276,2022-10-04,28.1,18.9,22.2,0.0,0.0,0.0,,38.1,partly-cloudy-day
277,2022-10-05,26.2,18.5,22.1,0.0,0.0,0.0,,38.8,partly-cloudy-day
278,2022-10-06,25.6,19.0,21.9,0.078,100.0,4.17,['rain'],45.3,rain
279,2022-10-07,26.2,17.2,21.6,0.0,0.0,0.0,,21.3,partly-cloudy-day
280,2022-10-08,26.0,17.2,21.8,0.0,0.0,0.0,,29.5,partly-cloudy-day
281,2022-10-09,25.0,17.8,21.8,0.0,0.0,0.0,,38.1,partly-cloudy-day
282,2022-10-10,24.9,17.0,20.9,16.0,100.0,4.17,['rain'],46.0,rain
283,2022-10-11,24.6,16.6,20.3,0.0,0.0,0.0,['rain'],64.5,partly-cloudy-day
284,2022-10-12,25.7,16.5,20.9,0.0,0.0,0.0,,42.2,partly-cloudy-day
285,2022-10-13,25.3,15.8,20.4,0.0,0.0,0.0,,9.7,clear-day
286,2022-10-14,29.4,15.8,21.9,0.0,0.0,0.0,,1.4,clear-day
287,2022-10-15,28.4,15.4,21.3,0.0,0.0,0.0,,19.6,clear-day
288,2022-10-16,28.7,16.0,21.4,0.0,0.0,0.0,,35.8,partly-cloudy-day
289,2022-10-17,26.6,18.0,22.4,0.1,100.0,4.17,['rain'],36.3,rain
290,2022-10-18,27.0,17.9,22.0,0.0,0.0,0.0,,40.4,partly-cloudy-day
291,2022-10-19,25.7,17.7,21.9,0.0,0.0,0.0,,52.9,partly-cloudy-day
292,2022-10-20,26.5,19.3,22.4,0.0,0.0,0.0,,40.9,partly-cloudy-day
293,2022-10-21,25.0,19.5,22.0,0.0,0.0,0.0,,64.6,partly-cloudy-day
294,2022-10-22,24.5,19.7,21.7,0.0,0.0,0.0,,63.5,partly-cloudy-day
295,2022-10-23,28.1,16.2,21.6,0.0,0.0,0.0,,69.9,partly-cloudy-day
296,2022-10-24,27.0,17.0,21.2,0.0,0.0,0.0,,51.0,partly-cloudy-day
297,2022-10-25,28.0,14.7,20.6,0.0,0.0,0.0,,70.8,partly-cloudy-day
298,2022-10-26,29.9,16.1,21.3,0.0,0.0,0.0,,86.0,partly-cloudy-day
299,2022-10-27,26.4,15.2,20.6,0.0,0.0,0.0,,30.0,partly-cloudy-day
300,2022-10-28,25.7,15.1,19.9,0.0,0.0,0.0,,33.3,partly-cloudy-day
301,2022-10-29,24.5,14.9,19.5,0.0,0.0,0.0,,68.1,partly-cloudy-day
302,2022-10-30,23.9,15.3,19.6,0.0,0.0,0.0,,52.6,partly-cloudy-day
303,2022-10-31,23.6,16.0,19.9,0.0,0.0,0.0,,65.4,partly-cloudy-day
304,2022-11-01,25.8,17.5,21.3,0.0,0.0,0.0,,34.2,partly-cloudy-day
305,2022-11-02,24.7,15.4,20.0,0.0,0.0,0.0,,38.2,partly-cloudy-day
306,2022-11-03,24.3,16.6,20.4,0.0,0.0,0.0,,66.4,partly-cloudy-day
307,2022-11-04,24.9,16.0,20.8,0.0,0.0,0.0,,59.6,partly-cloudy-day
308,2022-11-05,21.9,13.3,16.8,0.0,0.0,0.0,,13.4,clear-day
309,2022-11-06,24.3,9.8,16.4,0.0,0.0,0.0,,2.1,clear-day
310,2022-11-07,23.3,9.9,17.2,0.0,0.0,0.0,,24.9,partly-cloudy-day
311,2022-11-08,24.0,11.2,17.1,0.0,0.0,0.0,,56.1,partly-cloudy-day
312,2022-11-09,26.4,13.3,18.8,0.0,0.0,0.0,,67.3,partly-cloudy-day
313,2022-11-10,22.6,13.7,17.8,0.039,100.0,4.17,['rain'],44.8,rain
314,2022-11-11,19.8,13.6,16.7,24.126,100.0,20.83,['rain'],52.2,rain
315,2022-11-12,22.5,17.7,20.1,0.0,0.0,0.0,,46.6,partly-cloudy-day
316,2022-11-13,22.4,14.4,18.1,0.0,0.0,0.0,,28.5,partly-cloudy-day
317,2022-11-14,23.2,14.0,18.1,0.0,0.0,0.0,,53.6,partly-cloudy-day
318,2022-11-15,22.9,13.1,17.6,0.0,0.0,0.0,,59.1,partly-cloudy-day
319,2022-11-16,21.3,16.0,18.5,0.777,100.0,4.17,['rain'],51.2,rain
320,2022-11-17,26.1,16.0,20.8,0.0,0.0,0.0,,39.8,partly-cloudy-day
321,2022-11-18,18.4,14.3,16.5,0.511,100.0,8.33,['rain'],46.2,rain
322,2022-11-19,17.4,11.2,14.2,0.0,0.0,0.0,,26.9,partly-cloudy-day
323,2022-11-20,21.3,10.7,15.6,0.0,0.0,0.0,,27.2,partly-cloudy-day
324,2022-11-21,21.1,12.2,16.5,1.417,100.0,8.33,['rain'],57.4,rain
325,2022-11-22,18.6,12.1,15.3,0.0,0.0,0.0,,55.4,partly-cloudy-day
326,2022-11-23,24.8,13.6,19.0,0.0,0.0,0.0,,53.6,partly-cloudy-day
327,2022-11-24,22.5,12.0,17.6,0.0,0.0,0.0,,35.8,partly-cloudy-day
328,2022-11-25,23.0,12.9,17.4,0.0,0.0,0.0,,54.2,partly-cloudy-day
329,2022-11-26,19.5,8.0,13.5,0.0,0.0,0.0,,20.7,partly-cloudy-day
330,2022-11-27,19.0,5.8,11.7,0.0,0.0,0.0,,49.2,partly-cloudy-day
331,2022-11-28,19.1,8.9,14.5,0.0,0.0,0.0,,15.0,clear-day
332,2022-11-29,19.6,10.5,14.2,0.0,0.0,0.0,,17.9,clear-day
333,2022-11-30,18.3,8.2,12.9,0.0,0.0,0.0,['rain'],55.1,partly-cloudy-day
334,2022-12-01,16.2,9.9,12.5,0.4,100.0,8.33,['rain'],67.4,rain
335,2022-12-02,15.9,11.6,13.0,1.033,100.0,20.83,['rain'],81.4,rain
336,2022-12-03,17.0,9.4,12.5,0.3,100.0,4.17,['rain'],65.6,rain
337,2022-12-04,17.5,9.5,12.9,0.078,100.0,4.17,['rain'],39.0,rain
338,2022-12-05,19.3,10.4,14.0,0.0,0.0,0.0,,45.8,partly-cloudy-day
339,2022-12-06,18.2,12.7,14.9,0.672,100.0,16.67,['rain'],57.2,rain
340,2022-12-07,19.6,12.8,15.2,0.0,0.0,0.0,,42.5,partly-cloudy-day
341,2022-12-08,17.6,10.9,14.0,0.0,0.0,0.0,['rain'],70.0,partly-cloudy-day
342,2022-12-09,17.5,12.1,14.5,0.0,0.0,0.0,['rain'],85.3,partly-cloudy-day
343,2022-12-10,20.3,11.5,15.5,0.0,0.0,0.0,,54.3,partly-cloudy-day
344,2022-12-11,15.3,11.3,13.0,5.595,100.0,29.17,['rain'],66.4,rain
345,2022-12-12,20.4,11.4,15.0,0.0,0.0,0.0,,73.9,partly-cloudy-day
346,2022-12-13,20.6,14.3,17.4,0.1,100.0,4.17,['rain'],51.3,rain
347,2022-12-14,21.4,14.1,17.6,0.511,100.0,8.33,['rain'],86.8,rain
348,2022-12-15,18.3,11.9,14.5,1.594,100.0,20.83,['rain'],71.2,rain
349,2022-12-16,17.9,8.9,12.5,0.0,0.0,0.0,,21.5,partly-cloudy-day
350,2022-12-17,18.7,8.2,13.2,7.012,100.0,20.83,['rain'],53.4,rain
351,2022-12-18,18.5,7.3,12.4,0.0,0.0,0.0,,23.1,partly-cloudy-day
352,2022-12-19,17.3,9.0,12.5,0.0,0.0,0.0,,29.3,partly-cloudy-day
353,2022-12-20,16.8,7.9,11.5,0.0,0.0,0.0,,47.2,partly-cloudy-day
354,2022-12-21,21.1,9.8,14.9,0.0,0.0,0.0,,40.1,partly-cloudy-day
355,2022-12-22,21.9,15.2,17.7,0.0,0.0,0.0,,32.6,partly-cloudy-day
356,2022-12-23,23.1,13.5,17.0,0.0,0.0,0.0,,7.0,clear-day
357,2022-12-24,22.6,9.9,14.3,0.0,0.0,0.0,,8.3,clear-day
358,2022-12-25,20.7,8.2,13.1,0.0,0.0,0.0,,21.2,partly-cloudy-day
359,2022-12-26,20.7,7.6,12.6,0.0,0.0,0.0,,38.3,partly-cloudy-day
360,2022-12-27,20.3,7.5,12.4,0.0,0.0,0.0,,11.6,clear-day
361,2022-12-28,19.0,6.5,11.4,0.0,0.0,0.0,,41.4,partly-cloudy-day
362,2022-12-29,20.7,6.3,12.5,0.0,0.0,0.0,,14.2,clear-day
363,2022-12-30,23.0,9.8,15.4,0.0,0.0,0.0,,44.8,partly-cloudy-day
364,2022-12-31,21.1,9.2,14.3,0.0,0.0,0.0,,14.2,clear-day
365,2023-01-01,20.2,7.1,11.6,0.0,0.0,0.0,,84.6,partly-cloudy-day
366,2023-01-02,18.6,5.3,11.3,0.0,0.0,0.0,,83.6,partly-cloudy-day
367,2023-01-03,19.0,8.3,12.7,0.0,0.0,0.0,,43.7,partly-cloudy-day
368,2023-01-04,17.3,8.4,12.1,0.0,0.0,0.0,,39.7,partly-cloudy-day
369,2023-01-05,17.0,6.8,11.0,0.0,0.0,0.0,,25.1,partly-cloudy-day
370,2023-01-06,17.7,6.0,10.5,0.0,0.0,0.0,,5.1,clear-day
371,2023-01-07,19.3,5.5,11.0,0.0,0.0,0.0,,0.9,clear-day
372,2023-01-08,17.9,8.0,12.0,0.0,0.0,0.0,,76.1,partly-cloudy-day
373,2023-01-09,22.3,12.3,16.9,0.0,0.0,0.0,,49.2,partly-cloudy-day
374,2023-01-10,22.5,11.7,15.7,0.0,0.0,0.0,,3.1,clear-day
375,2023-01-11,20.0,10.7,14.9,0.0,0.0,0.0,,32.3,partly-cloudy-day
376,2023-01-12,17.5,10.1,13.1,0.0,0.0,0.0,,26.1,partly-cloudy-day
377,2023-01-13,18.6,8.4,12.1,0.0,0.0,0.0,,50.0,partly-cloudy-day
378,2023-01-14,18.6,5.6,10.7,0.0,0.0,0.0,,11.3,clear-day
379,2023-01-15,21.8,6.1,13.5,0.0,0.0,0.0,,35.6,partly-cloudy-day
380,2023-01-16,18.9,7.7,13.8,0.0,0.0,0.0,,69.0,partly-cloudy-day
381,2023-01-17,21.8,12.8,16.3,0.0,0.0,0.0,,48.5,partly-cloudy-day
382,2023-01-18,13.7,8.7,11.3,0.0,0.0,0.0,,28.4,partly-cloudy-day
383,2023-01-19,15.3,7.2,10.9,0.0,0.0,0.0,,26.1,partly-cloudy-day
384,2023-01-20,20.3,8.8,13.5,0.0,0.0,0.0,,37.2,partly-cloudy-day
385,2023-01-21,14.2,5.0,9.7,0.0,0.0,0.0,,28.1,partly-cloudy-day
386,2023-01-22,12.6,3.0,7.2,0.0,0.0,0.0,,6.5,clear-day
387,2023-01-23,12.4,2.4,7.0,0.0,0.0,0.0,,24.6,partly-cloudy-day
388,2023-01-24,11.5,3.0,6.9,0.0,0.0,0.0,['rain'],43.4,partly-cloudy-day
389,2023-01-25,12.7,4.1,7.9,0.0,0.0,0.0,,39.4,partly-cloudy-day
390,2023-01-26,13.3,4.8,8.1,0.0,0.0,0.0,,27.6,partly-cloudy-day
391,2023-01-27,14.2,3.6,8.1,0.0,0.0,0.0,['rain'],17.6,clear-day
392,2023-01-28,13.7,3.2,8.0,0.0,0.0,0.0,['rain'],38.1,partly-cloudy-day
393,2023-01-29,11.7,3.8,7.6,0.277,100.0,8.33,['rain'],51.5,rain
394,2023-01-30,13.6,2.8,7.6,0.0,0.0,0.0,,16.3,clear-day
395,2023-01-31,15.7,3.0,8.7,0.0,0.0,0.0,,0.5,clear-day
396,2023-02-01,14.3,2.9,9.0,0.0,0.0,0.0,,25.0,partly-cloudy-day
397,2023-02-02,14.8,4.6,9.6,0.0,0.0,0.0,,12.5,clear-day
398,2023-02-03,15.3,2.1,8.6,0.0,0.0,0.0,,0.6,clear-day
399,2023-02-04,19.8,3.6,10.3,0.0,0.0,0.0,,0.0,clear-day
400,2023-02-05,16.3,3.5,10.0,0.0,0.0,0.0,,17.0,clear-day
401,2023-02-06,14.2,5.2,8.8,0.894,100.0,8.33,['rain'],59.3,rain
402,2023-02-07,13.3,6.0,9.6,0.0,0.0,0.0,['rain'],70.8,partly-cloudy-day
403,2023-02-08,15.5,7.4,11.0,1.215,100.0,16.67,['rain'],73.3,rain
404,2023-02-09,14.0,6.6,10.4,0.0,0.0,0.0,['rain'],51.5,partly-cloudy-day
405,2023-02-10,12.8,4.9,9.2,0.0,0.0,0.0,['rain'],65.2,partly-cloudy-day
406,2023-02-11,12.4,8.3,10.4,2.349,100.0,16.67,['rain'],74.4,rain
407,2023-02-12,13.5,7.1,10.6,0.0,0.0,0.0,,70.7,partly-cloudy-day
408,2023-02-13,14.0,6.9,10.7,0.0,0.0,0.0,,69.9,partly-cloudy-day
409,2023-02-14,13.9,9.0,11.6,0.0,0.0,0.0,,82.4,partly-cloudy-day
410,2023-02-15,15.0,8.6,12.0,0.0,0.0,0.0,,75.6,partly-cloudy-day
411,2023-02-16,16.5,7.2,11.6,0.0,0.0,0.0,,53.9,partly-cloudy-day
412,2023-02-17,15.1,6.3,10.7,0.0,0.0,0.0,,26.2,partly-cloudy-day
413,2023-02-18,14.3,9.8,11.9,0.0,0.0,0.0,,48.7,partly-cloudy-day
414,2023-02-19,16.6,7.6,11.8,0.0,0.0,0.0,,29.2,partly-cloudy-day
415,2023-02-20,17.3,6.1,11.6,0.0,0.0,0.0,,29.0,partly-cloudy-day
416,2023-02-21,18.8,7.8,12.5,0.239,100.0,8.33,['rain'],41.1,rain
417,2023-02-22,21.8,8.2,13.3,0.0,0.0,0.0,,30.0,partly-cloudy-day
418,2023-02-23,16.4,9.3,12.9,0.0,0.0,0.0,,59.9,partly-cloudy-day
419,2023-02-24,13.9,8.0,10.8,0.0,0.0,0.0,['rain'],70.9,partly-cloudy-day
420,2023-02-25,17.0,5.7,10.8,0.0,0.0,0.0,,53.4,partly-cloudy-day
421,2023-02-26,16.6,7.4,11.8,0.0,0.0,0.0,,19.5,clear-day
422,2023-02-27,11.8,3.1,8.4,0.0,0.0,0.0,,20.5,partly-cloudy-day
423,2023-02-28,16.4,2.8,8.9,0.0,0.0,0.0,,7.1,clear-day
424,2023-03-01,12.9,4.3,8.4,2.0,100.0,4.17,['rain'],27.1,rain
425,2023-03-02,13.0,3.8,8.0,0.0,0.0,0.0,,32.6,partly-cloudy-day
426,2023-03-03,13.4,5.0,9.1,0.0,0.0,0.0,,38.5,partly-cloudy-day
427,2023-03-04,15.8,4.1,9.7,0.0,0.0,0.0,,2.2,clear-day
428,2023-03-05,17.0,4.3,10.7,0.0,0.0,0.0,['rain'],57.3,partly-cloudy-day
429,2023-03-06,20.5,8.1,14.1,1.1,100.0,8.33,['rain'],57.2,rain
430,2023-03-07,24.0,9.0,16.8,0.0,0.0,0.0,,40.7,partly-cloudy-day
431,2023-03-08,24.9,13.7,18.4,0.0,0.0,0.0,,30.8,partly-cloudy-day
432,2023-03-09,23.7,16.7,19.8,0.0,0.0,0.0,,72.2,partly-cloudy-day
433,2023-03-10,25.4,15.6,20.7,0.0,0.0,0.0,,65.3,partly-cloudy-day
434,2023-03-11,29.1,17.2,22.5,0.0,0.0,0.0,,18.7,clear-day
435,2023-03-12,26.3,16.3,21.2,0.0,0.0,0.0,,31.2,partly-cloudy-day
436,2023-03-13,25.5,12.1,18.5,0.0,0.0,0.0,,54.1,partly-cloudy-day
437,2023-03-14,25.1,15.1,19.3,0.0,0.0,0.0,,53.4,partly-cloudy-day
438,2023-03-15,21.0,10.7,15.8,0.0,0.0,0.0,,7.1,clear-day
439,2023-03-16,20.1,8.6,14.5,0.0,0.0,0.0,,3.0,clear-day
440,2023-03-17,19.3,9.0,14.0,0.0,0.0,0.0,,49.8,partly-cloudy-day
441,2023-03-18,20.9,9.6,14.6,0.523,100.0,12.5,['rain'],36.4,rain
442,2023-03-19,19.5,11.2,15.1,0.0,0.0,0.0,,17.4,clear-day
443,2023-03-20,20.4,8.4,14.2,0.0,0.0,0.0,,26.9,partly-cloudy-day
444,2023-03-21,19.1,7.5,13.7,0.0,0.0,0.0,,60.7,partly-cloudy-day
445,2023-03-22,19.7,8.7,14.3,0.0,0.0,0.0,,20.6,partly-cloudy-day
446,2023-03-23,21.9,8.2,15.4,0.0,0.0,0.0,,23.3,partly-cloudy-day
447,2023-03-24,27.4,9.9,18.2,0.0,0.0,0.0,,65.1,partly-cloudy-day
448,2023-03-25,25.5,15.5,20.4,0.0,0.0,0.0,,16.7,clear-day
449,2023-03-26,29.3,14.0,21.5,0.0,0.0,0.0,,28.5,partly-cloudy-day
450,2023-03-27,22.0,13.1,17.6,0.0,0.0,0.0,,17.5,clear-day
451,2023-03-28,18.8,9.3,14.3,0.0,0.0,0.0,,13.0,clear-day
452,2023-03-29,20.4,10.1,14.9,0.0,0.0,0.0,,15.1,clear-day
453,2023-03-30,27.4,10.2,18.1,0.0,0.0,0.0,,36.8,partly-cloudy-day
454,2023-03-31,30.6,19.6,25.1,0.0,0.0,0.0,,46.3,partly-cloudy-day
455,2023-04-01,23.9,16.6,20.7,0.0,0.0,0.0,,59.5,partly-cloudy-day
456,2023-04-02,23.2,13.4,17.8,0.0,0.0,0.0,,14.5,clear-day
457,2023-04-03,19.4,10.1,15.0,0.0,0.0,0.0,,18.9,clear-day
458,2023-04-04,19.0,8.0,14.4,0.0,0.0,0.0,,32.5,partly-cloudy-day
459,2023-04-05,18.5,10.0,14.7,0.0,0.0,0.0,,25.6,partly-cloudy-day
460,2023-04-06,18.6,8.5,14.0,0.0,0.0,0.0,,37.5,partly-cloudy-day
461,2023-04-07,20.7,8.1,14.6,0.0,0.0,0.0,,3.4,clear-day
462,2023-04-08,22.9,8.9,15.4,0.0,0.0,0.0,,0.6,clear-day
463,2023-04-09,21.0,11.0,16.3,0.0,0.0,0.0,,32.0,partly-cloudy-day
464,2023-04-10,20.3,12.3,16.7,0.0,0.0,0.0,,50.1,partly-cloudy-day
465,2023-04-11,20.4,14.9,17.6,0.0,0.0,0.0,,46.5,partly-cloudy-day
466,2023-04-12,27.9,12.0,20.8,0.0,0.0,0.0,,20.7,partly-cloudy-day
467,2023-04-13,23.9,15.6,18.6,0.0,0.0,0.0,,49.2,partly-cloudy-day
468,2023-04-14,26.1,13.4,19.0,0.0,0.0,0.0,,45.6,partly-cloudy-day
469,2023-04-15,27.3,17.7,21.8,0.0,0.0,0.0,,12.5,clear-day
470,2023-04-16,19.5,14.6,17.6,0.0,0.0,0.0,,12.1,clear-day
471,2023-04-17,19.8,10.4,15.4,0.0,0.0,0.0,,22.7,partly-cloudy-day
472,2023-04-18,19.7,11.7,15.9,0.0,0.0,0.0,,26.8,partly-cloudy-day
473,2023-04-19,20.4,11.2,16.4,0.0,0.0,0.0,,39.6,partly-cloudy-day
474,2023-04-20,22.5,11.8,17.4,0.0,0.0,0.0,,43.4,partly-cloudy-day
475,2023-04-21,22.9,11.7,17.5,0.0,0.0,0.0,,13.9,clear-day
476,2023-04-22,23.0,12.1,17.6,0.0,0.0,0.0,,46.5,partly-cloudy-day
477,2023-04-23,27.6,15.2,20.7,0.0,0.0,0.0,,19.0,clear-day
478,2023-04-24,25.5,14.4,20.1,0.0,0.0,0.0,,18.5,clear-day
479,2023-04-25,26.4,13.8,20.3,0.0,0.0,0.0,,44.1,partly-cloudy-day
480,2023-04-26,25.7,17.4,20.3,0.0,0.0,0.0,['rain'],27.2,partly-cloudy-day
481,2023-04-27,23.2,14.3,19.4,0.0,0.0,0.0,,52.9,partly-cloudy-day
482,2023-04-28,25.2,15.2,20.8,0.0,0.0,0.0,,73.1,partly-cloudy-day
483,2023-04-29,33.8,19.1,25.0,2.239,100.0,16.67,['rain'],66.4,rain
484,2023-04-30,26.0,17.6,21.4,0.0,0.0,0.0,['rain'],61.0,partly-cloudy-day
485,2023-05-01,24.2,16.8,20.7,0.0,0.0,0.0,,47.6,partly-cloudy-day
486,2023-05-02,25.5,14.3,19.7,0.0,0.0,0.0,,40.4,partly-cloudy-day
487,2023-05-03,24.5,15.8,20.0,0.0,0.0,0.0,,64.5,partly-cloudy-day
488,2023-05-04,25.8,13.7,19.6,0.0,0.0,0.0,,64.2,partly-cloudy-day
489,2023-05-05,24.0,15.6,19.6,0.0,0.0,0.0,['rain'],42.5,partly-cloudy-day
490,2023-05-06,26.0,15.5,20.7,0.0,0.0,0.0,,60.1,partly-cloudy-day
491,2023-05-07,24.6,17.3,20.4,0.278,100.0,12.5,['rain'],58.5,rain
492,2023-05-08,25.3,15.7,20.5,0.0,0.0,0.0,,36.0,partly-cloudy-day
493,2023-05-09,25.8,15.7,20.9,0.0,0.0,0.0,,52.9,partly-cloudy-day
494,2023-05-10,23.8,17.4,20.8,0.0,0.0,0.0,['rain'],48.8,partly-cloudy-day
495,2023-05-11,22.4,18.3,20.2,0.0,0.0,0.0,['rain'],47.1,partly-cloudy-day
496,2023-05-12,21.7,14.9,18.1,6.921,100.0,25.0,['rain'],57.5,rain
497,2023-05-13,20.3,13.9,16.5,2.666,100.0,16.67,['rain'],54.9,rain
498,2023-05-14,23.6,10.9,17.7,0.0,0.0,0.0,,27.5,partly-cloudy-day
499,2023-05-15,24.0,14.9,19.2,0.0,0.0,0.0,,33.1,partly-cloudy-day
500,2023-05-16,23.2,15.2,19.4,0.0,0.0,0.0,,35.7,partly-cloudy-day
501,2023-05-17,21.9,14.0,18.5,0.0,0.0,0.0,,42.9,partly-cloudy-day
502,2023-05-18,21.5,16.8,19.1,0.0,0.0,0.0,['rain'],42.4,partly-cloudy-day
503,2023-05-19,19.2,14.0,16.3,3.671,100.0,16.67,['rain'],51.9,rain
504,2023-05-20,21.5,11.8,16.4,0.899,100.0,8.33,['rain'],54.6,rain
505,2023-05-21,21.9,12.4,17.6,0.0,0.0,0.0,,61.8,partly-cloudy-day
506,2023-05-22,21.9,16.7,19.3,0.0,0.0,0.0,['rain'],53.9,partly-cloudy-day
507,2023-05-23,18.9,15.2,17.3,47.846,100.0,58.33,['rain'],79.9,rain
508,2023-05-24,21.5,15.8,17.8,28.438,100.0,54.17,['rain'],60.7,rain
509,2023-05-25,24.2,14.1,19.1,1.203,100.0,16.67,['rain'],52.5,rain
510,2023-05-26,22.8,16.5,19.8,0.0,0.0,0.0,,67.9,partly-cloudy-day
511,2023-05-27,25.2,17.8,20.9,6.194,100.0,29.17,['rain'],57.2,rain
512,2023-05-28,23.9,16.5,19.5,1.806,100.0,20.83,['rain'],58.1,rain
513,2023-05-29,24.9,16.4,20.7,0.0,0.0,0.0,['rain'],40.1,partly-cloudy-day
514,2023-05-30,23.4,18.2,20.0,3.533,100.0,12.5,['rain'],45.2,rain
515,2023-05-31,25.1,15.9,20.9,0.0,0.0,0.0,['rain'],42.0,partly-cloudy-day
516,2023-06-01,24.3,17.1,20.8,0.0,0.0,0.0,,40.0,partly-cloudy-day
517,2023-06-02,24.5,17.8,21.5,0.0,0.0,0.0,,57.6,partly-cloudy-day
518,2023-06-03,23.9,18.7,21.3,0.0,0.0,0.0,,45.6,partly-cloudy-day
519,2023-06-04,24.3,17.2,21.2,0.0,0.0,0.0,,35.8,partly-cloudy-day
520,2023-06-05,24.7,17.3,21.3,0.0,0.0,0.0,['rain'],32.2,partly-cloudy-day
521,2023-06-06,25.1,17.2,21.6,0.0,0.0,0.0,['rain'],38.6,partly-cloudy-day
522,2023-06-07,22.5,19.9,21.0,2.351,100.0,33.33,['rain'],87.7,rain
523,2023-06-08,24.3,18.7,21.6,0.0,0.0,0.0,,53.0,partly-cloudy-day
524,2023-06-09,28.1,19.1,23.8,0.0,0.0,0.0,['rain'],47.5,partly-cloudy-day
525,2023-06-10,30.7,22.2,26.4,0.0,0.0,0.0,,39.6,partly-cloudy-day
526,2023-06-11,27.2,20.3,24.2,0.0,0.0,0.0,,40.8,partly-cloudy-day
527,2023-06-12,25.9,21.7,23.4,0.0,0.0,0.0,,58.7,partly-cloudy-day
528,2023-06-13,26.4,19.2,22.5,17.624,100.0,20.83,['rain'],57.4,rain
529,2023-06-14,27.2,18.2,23.2,0.0,0.0,0.0,,17.8,clear-day
530,2023-06-15,28.5,19.0,23.8,0.0,0.0,0.0,,37.7,partly-cloudy-day
531,2023-06-16,28.3,19.0,24.0,0.0,0.0,0.0,,27.3,partly-cloudy-day
532,2023-06-17,29.8,20.0,25.2,0.0,0.0,0.0,,25.8,partly-cloudy-day
533,2023-06-18,28.0,21.5,24.9,0.0,0.0,0.0,['rain'],81.3,partly-cloudy-day
534,2023-06-19,30.5,21.0,25.3,0.0,0.0,0.0,,91.9,cloudy
535,2023-06-20,27.4,20.0,24.2,0.0,0.0,0.0,,62.8,partly-cloudy-day
536,2023-06-21,29.0,21.0,25.1,0.0,0.0,0.0,,55.2,partly-cloudy-day
537,2023-06-22,33.3,21.3,27.2,0.0,0.0,0.0,,20.5,partly-cloudy-day
538,2023-06-23,29.1,22.1,25.8,0.0,0.0,0.0,,2.8,clear-day
539,2023-06-24,30.5,19.9,26.0,0.0,0.0,0.0,,0.0,clear-day
540,2023-06-25,31.9,20.7,27.0,0.0,0.0,0.0,,0.2,clear-day
541,2023-06-26,32.1,22.4,27.8,0.0,0.0,0.0,,22.1,partly-cloudy-day
542,2023-06-27,32.9,22.7,28.3,0.0,0.0,0.0,,17.1,clear-day
543,2023-06-28,31.5,22.6,27.0,0.0,0.0,0.0,,37.7,partly-cloudy-day
544,2023-06-29,29.4,21.8,26.2,0.0,0.0,0.0,,33.7,partly-cloudy-day
545,2023-06-30,29.0,24.5,26.4,0.0,0.0,0.0,,41.8,partly-cloudy-day
546,2023-07-01,29.0,23.2,26.4,0.0,0.0,0.0,,37.6,partly-cloudy-day
547,2023-07-02,29.5,22.5,26.5,0.0,0.0,0.0,,22.4,partly-cloudy-day
548,2023-07-03,30.7,22.1,26.9,0.0,0.0,0.0,,19.2,clear-day
549,2023-07-04,32.2,22.7,27.7,0.0,0.0,0.0,,23.7,partly-cloudy-day
550,2023-07-05,30.2,25.0,27.3,0.0,0.0,0.0,,46.5,partly-cloudy-day
551,2023-07-06,29.4,24.5,27.0,0.0,0.0,0.0,,52.7,partly-cloudy-day
552,2023-07-07,31.9,23.5,27.8,0.0,0.0,0.0,,26.9,partly-cloudy-day
553,2023-07-08,32.4,24.6,28.3,0.0,0.0,0.0,,18.9,clear-day
554,2023-07-09,31.7,24.0,28.5,0.0,0.0,0.0,,55.9,partly-cloudy-day
555,2023-07-10,33.4,24.1,28.9,0.0,0.0,0.0,,24.2,partly-cloudy-day
556,2023-07-11,34.1,24.4,29.0,0.0,0.0,0.0,,32.3,partly-cloudy-day
557,2023-07-12,31.7,25.3,28.7,0.0,0.0,0.0,,27.3,partly-cloudy-day
558,2023-07-13,31.5,24.7,28.3,0.0,0.0,0.0,,68.2,partly-cloudy-day
559,2023-07-14,31.4,24.0,27.8,0.0,0.0,0.0,,45.2,partly-cloudy-day
560,2023-07-15,33.1,24.1,28.7,0.0,0.0,0.0,,33.7,partly-cloudy-day
561,2023-07-16,31.5,24.9,28.1,0.0,0.0,0.0,,47.3,partly-cloudy-day
562,2023-07-17,31.6,24.0,28.3,0.0,0.0,0.0,,17.4,clear-day
563,2023-07-18,33.1,22.9,28.9,0.0,0.0,0.0,['rain'],21.0,partly-cloudy-day
564,2023-07-19,34.6,24.3,29.1,0.0,0.0,0.0,['rain'],33.8,partly-cloudy-day
565,2023-07-20,30.9,26.3,28.5,0.445,100.0,12.5,['rain'],50.9,rain
566,2023-07-21,31.0,23.5,27.6,0.0,0.0,0.0,,51.1,partly-cloudy-day
567,2023-07-22,32.3,23.7,27.7,0.039,100.0,4.17,['rain'],59.3,rain
568,2023-07-23,31.4,25.0,28.2,0.0,0.0,0.0,['rain'],39.6,partly-cloudy-day
569,2023-07-24,35.0,25.0,29.3,0.0,0.0,0.0,,54.7,partly-cloudy-day
570,2023-07-25,31.9,25.2,29.1,0.0,0.0,0.0,,15.7,clear-day
571,2023-07-26,29.5,25.2,27.4,0.0,0.0,0.0,,41.8,partly-cloudy-day
572,2023-07-27,31.0,24.8,27.8,0.0,0.0,0.0,['rain'],34.1,partly-cloudy-day
573,2023-07-28,31.4,23.0,27.6,0.0,0.0,0.0,,14.7,clear-day
574,2023-07-29,32.0,22.5,27.9,0.0,0.0,0.0,,22.9,partly-cloudy-day
575,2023-07-30,32.2,23.3,28.2,0.0,0.0,0.0,,25.3,partly-cloudy-day
576,2023-07-31,32.8,25.7,29.0,0.0,0.0,0.0,['rain'],39.3,partly-cloudy-day
577,2023-08-01,32.4,23.5,28.3,0.0,0.0,0.0,,23.6,partly-cloudy-day
578,2023-08-02,33.8,23.9,29.2,0.0,0.0,0.0,,18.8,clear-day
579,2023-08-03,34.3,26.0,29.7,0.0,0.0,0.0,,19.7,clear-day
580,2023-08-04,29.4,24.5,27.2,0.0,0.0,0.0,,29.4,partly-cloudy-day
581,2023-08-05,30.4,20.9,25.9,0.0,0.0,0.0,,18.1,clear-day
582,2023-08-06,30.2,21.1,26.2,0.0,0.0,0.0,,8.4,clear-day
583,2023-08-07,30.1,23.3,26.8,0.0,0.0,0.0,,47.4,partly-cloudy-day
584,2023-08-08,29.7,23.7,26.8,0.0,0.0,0.0,,51.4,partly-cloudy-day
585,2023-08-09,30.5,23.9,27.4,0.0,0.0,0.0,,41.4,partly-cloudy-day
586,2023-08-10,35.1,24.8,29.5,0.0,0.0,0.0,,38.8,partly-cloudy-day
587,2023-08-11,31.6,26.1,28.4,0.0,0.0,0.0,,30.7,partly-cloudy-day
588,2023-08-12,30.5,23.8,27.4,0.0,0.0,0.0,,30.6,partly-cloudy-day
589,2023-08-13,29.7,23.4,26.9,0.0,0.0,0.0,,38.8,partly-cloudy-day
590,2023-08-14,30.4,21.8,26.7,0.0,0.0,0.0,,36.9,partly-cloudy-day
591,2023-08-15,30.6,24.4,27.5,0.0,0.0,0.0,,32.4,partly-cloudy-day
592,2023-08-16,31.2,23.0,27.6,0.0,0.0,0.0,,24.0,partly-cloudy-day
593,2023-08-17,31.2,23.8,27.9,0.0,0.0,0.0,,31.7,partly-cloudy-day
594,2023-08-18,30.8,24.8,28.0,0.0,0.0,0.0,,39.5,partly-cloudy-day
595,2023-08-19,31.3,25.4,28.3,0.0,0.0,0.0,,47.2,partly-cloudy-day
596,2023-08-20,31.7,26.7,28.8,0.0,0.0,0.0,['rain'],56.8,partly-cloudy-day
597,2023-08-21,31.7,24.2,28.6,0.0,0.0,0.0,,30.0,partly-cloudy-day
598,2023-08-22,32.9,23.6,28.4,0.0,0.0,0.0,,8.6,clear-day
599,2023-08-23,34.5,23.1,29.0,0.0,0.0,0.0,,0.1,clear-day
600,2023-08-24,34.7,22.7,28.7,0.0,0.0,0.0,,0.1,clear-day
601,2023-08-25,33.9,22.0,28.0,0.0,0.0,0.0,,18.0,clear-day
602,2023-08-26,32.0,25.4,28.3,0.0,0.0,0.0,,41.0,partly-cloudy-day
603,2023-08-27,31.6,25.0,27.9,0.156,100.0,8.33,['rain'],42.4,rain
604,2023-08-28,30.7,20.8,25.5,0.0,0.0,0.0,,5.8,clear-day
605,2023-08-29,30.7,20.6,25.8,0.0,0.0,0.0,,29.3,partly-cloudy-day
606,2023-08-30,27.6,23.2,25.3,0.0,0.0,0.0,,44.2,partly-cloudy-day
607,2023-08-31,29.1,20.4,25.1,0.0,0.0,0.0,,12.2,clear-day
608,2023-09-01,28.7,21.2,25.0,0.0,0.0,0.0,,33.2,partly-cloudy-day
609,2023-09-02,27.0,21.1,23.7,1.127,100.0,8.33,['rain'],49.8,rain
610,2023-09-03,28.6,19.6,24.6,7.384,100.0,12.5,['rain'],60.7,rain
611,2023-09-04,28.5,25.4,27.2,6.726,100.0,8.33,['rain'],86.8,rain
612,2023-09-05,29.8,23.4,26.5,0.0,0.0,0.0,['rain'],71.8,partly-cloudy-day
613,2023-09-06,28.5,23.7,26.0,0.0,0.0,0.0,,60.5,partly-cloudy-day
614,2023-09-07,28.5,21.3,25.2,0.0,0.0,0.0,,28.9,partly-cloudy-day
615,2023-09-08,27.7,22.2,24.9,0.0,0.0,0.0,,54.3,partly-cloudy-day
616,2023-09-09,27.8,20.6,24.4,0.0,0.0,0.0,,29.1,partly-cloudy-day
617,2023-09-10,28.1,21.1,24.8,0.0,0.0,0.0,,30.6,partly-cloudy-day
618,2023-09-11,30.7,20.7,25.0,0.0,0.0,0.0,,41.9,partly-cloudy-day
619,2023-09-12,28.0,21.1,24.6,0.0,0.0,0.0,,41.3,partly-cloudy-day
620,2023-09-13,28.8,22.1,25.2,0.316,100.0,8.33,['rain'],46.0,rain
621,2023-09-14,29.0,22.0,25.6,0.0,0.0,0.0,['rain'],30.4,partly-cloudy-day
622,2023-09-15,28.6,20.8,24.9,32.682,100.0,29.17,['rain'],48.7,rain
623,2023-09-16,27.2,20.3,24.1,0.323,100.0,8.33,['rain'],47.0,rain
624,2023-09-17,28.9,22.8,25.6,0.0,0.0,0.0,['rain'],53.7,partly-cloudy-day
625,2023-09-18,30.9,22.1,25.6,0.0,0.0,0.0,['rain'],40.9,partly-cloudy-day
626,2023-09-19,25.4,22.0,23.6,0.367,100.0,4.17,['rain'],49.7,rain
627,2023-09-20,28.0,19.0,23.5,2.0,100.0,12.5,['rain'],32.2,rain
628,2023-09-21,30.0,18.0,23.8,0.0,0.0,0.0,,46.0,partly-cloudy-day
629,2023-09-22,28.6,21.8,24.7,0.0,0.0,0.0,,60.2,partly-cloudy-day
630,2023-09-23,26.0,16.8,21.9,0.0,0.0,0.0,,46.5,partly-cloudy-day
631,2023-09-24,26.2,18.0,22.2,0.0,0.0,0.0,,12.1,clear-day
632,2023-09-25,25.6,17.0,22.1,0.0,0.0,0.0,,19.3,clear-day
633,2023-09-26,26.2,19.5,23.1,0.0,0.0,0.0,,40.3,partly-cloudy-day
634,2023-09-27,26.9,19.2,22.8,0.0,0.0,0.0,,37.9,partly-cloudy-day
635,2023-09-28,26.7,18.0,22.3,0.0,0.0,0.0,,41.9,partly-cloudy-day
636,2023-09-29,26.1,18.6,22.3,0.0,0.0,0.0,,22.7,partly-cloudy-day
637,2023-09-30,28.9,17.4,23.1,0.0,0.0,0.0,,4.2,clear-day
638,2023-10-01,31.8,17.3,24.4,0.0,0.0,0.0,,0.9,clear-day
639,2023-10-02,28.8,17.4,23.2,0.0,0.0,0.0,,1.4,clear-day
640,2023-10-03,27.7,17.4,22.7,0.0,0.0,0.0,,31.2,partly-cloudy-day
641,2023-10-04,26.9,20.5,23.7,0.0,0.0,0.0,,34.5,partly-cloudy-day
642,2023-10-05,27.0,17.2,22.2,0.0,0.0,0.0,,10.5,clear-day
643,2023-10-06,26.9,16.7,22.1,0.0,0.0,0.0,,18.0,clear-day
644,2023-10-07,26.6,18.5,22.9,0.0,0.0,0.0,,33.4,partly-cloudy-day
645,2023-10-08,26.1,19.1,22.6,0.0,0.0,0.0,,42.0,partly-cloudy-day
646,2023-10-09,26.0,18.3,22.4,0.0,0.0,0.0,,28.3,partly-cloudy-day
647,2023-10-10,25.8,18.4,22.0,0.0,0.0,0.0,,43.1,partly-cloudy-day
648,2023-10-11,26.0,18.0,22.5,0.0,0.0,0.0,,41.8,partly-cloudy-day
649,2023-10-12,26.5,16.8,21.9,0.0,0.0,0.0,,20.8,partly-cloudy-day
650,2023-10-13,27.6,16.4,21.8,0.0,0.0,0.0,,16.5,clear-day
651,2023-10-14,27.3,16.8,21.9,0.0,0.0,0.0,['rain'],62.7,partly-cloudy-day
652,2023-10-15,28.4,17.8,22.3,0.0,0.0,0.0,,17.3,clear-day
653,2023-10-16,27.3,17.8,22.1,0.0,0.0,0.0,,72.2,partly-cloudy-day
654,2023-10-17,25.8,18.0,21.8,0.0,0.0,0.0,,58.3,partly-cloudy-day
655,2023-10-18,31.0,16.5,23.1,0.0,0.0,0.0,,21.8,partly-cloudy-day
656,2023-10-19,25.2,17.2,21.7,0.0,0.0,0.0,['rain'],78.9,partly-cloudy-day
657,2023-10-20,23.8,14.6,19.1,1.718,100.0,20.83,['rain'],29.0,rain
658,2023-10-21,23.5,13.4,17.7,0.0,0.0,0.0,,30.1,partly-cloudy-day
659,2023-10-22,22.3,11.6,17.9,0.0,0.0,0.0,,58.6,partly-cloudy-day
660,2023-10-23,26.6,15.3,20.6,0.0,0.0,0.0,,79.3,partly-cloudy-day
661,2023-10-24,25.3,16.6,20.4,0.0,0.0,0.0,['rain'],34.4,partly-cloudy-day
662,2023-10-25,26.3,15.1,20.5,0.0,0.0,0.0,,41.8,partly-cloudy-day
663,2023-10-26,26.5,19.2,22.7,0.0,0.0,0.0,,59.7,partly-cloudy-day
664,2023-10-27,24.5,16.9,21.3,0.0,0.0,0.0,,56.8,partly-cloudy-day
665,2023-10-28,24.7,13.7,18.1,0.0,0.0,0.0,,28.5,partly-cloudy-day
666,2023-10-29,24.2,11.5,16.9,0.0,0.0,0.0,,37.3,partly-cloudy-day
667,2023-10-30,24.1,14.3,18.6,0.0,0.0,0.0,['rain'],63.9,partly-cloudy-day
668,2023-10-31,21.5,15.8,17.9,0.0,0.0,0.0,,92.1,cloudy
669,2023-11-01,24.3,13.3,18.7,0.0,0.0,0.0,,40.7,partly-cloudy-day
670,2023-11-02,28.3,14.8,20.3,0.0,0.0,0.0,,52.3,partly-cloudy-day
671,2023-11-03,21.0,14.9,17.7,0.0,0.0,0.0,,38.1,partly-cloudy-day
672,2023-11-04,23.3,14.3,18.8,0.0,0.0,0.0,,33.2,partly-cloudy-day
673,2023-11-05,23.0,15.0,18.6,0.0,0.0,0.0,,23.1,partly-cloudy-day
674,2023-11-06,21.0,13.6,16.5,0.0,0.0,0.0,,51.3,partly-cloudy-day
675,2023-11-07,21.2,11.1,15.0,0.0,0.0,0.0,,7.3,clear-day
676,2023-11-08,19.8,10.5,14.1,0.0,0.0,0.0,,54.4,partly-cloudy-day
677,2023-11-09,23.1,9.0,16.2,0.0,0.0,0.0,,33.0,partly-cloudy-day
678,2023-11-10,22.4,15.9,18.6,0.0,0.0,0.0,,24.7,partly-cloudy-day
679,2023-11-11,26.3,14.9,20.7,0.0,0.0,0.0,,45.7,partly-cloudy-day
680,2023-11-12,26.8,19.3,22.0,0.0,0.0,0.0,,38.1,partly-cloudy-day
681,2023-11-13,26.4,17.2,20.4,0.0,0.0,0.0,,21.3,partly-cloudy-day
682,2023-11-14,27.2,15.8,21.5,0.0,0.0,0.0,,34.8,partly-cloudy-day
683,2023-11-15,24.9,15.2,20.4,0.0,0.0,0.0,,2.7,clear-day
684,2023-11-16,24.7,10.8,17.8,0.0,0.0,0.0,,44.3,partly-cloudy-day
685,2023-11-17,24.2,13.9,18.6,0.0,0.0,0.0,,8.5,clear-day
686,2023-11-18,21.7,12.4,16.2,0.0,0.0,0.0,,25.7,partly-cloudy-day
687,2023-11-19,22.5,10.5,15.1,0.0,0.0,0.0,,2.9,clear-day
688,2023-11-20,17.5,8.0,12.6,0.0,0.0,0.0,,36.6,partly-cloudy-day
689,2023-11-21,22.0,10.7,15.0,0.0,0.0,0.0,,32.6,partly-cloudy-day
690,2023-11-22,21.6,11.6,15.3,0.0,0.0,0.0,,15.6,clear-day
691,2023-11-23,19.1,8.8,13.1,0.0,0.0,0.0,,3.8,clear-day
692,2023-11-24,22.7,7.3,13.8,0.0,0.0,0.0,,2.4,clear-day
693,2023-11-25,20.2,12.4,15.6,0.0,0.0,0.0,['rain'],18.1,clear-day
694,2023-11-26,20.0,11.0,14.4,0.0,0.0,0.0,['rain'],34.8,partly-cloudy-day
695,2023-11-27,23.4,10.0,16.8,0.0,0.0,0.0,,70.7,partly-cloudy-day
696,2023-11-28,19.5,15.6,17.5,0.0,0.0,0.0,,74.0,partly-cloudy-day
697,2023-11-29,21.7,13.0,17.3,0.0,0.0,0.0,,43.0,partly-cloudy-day
698,2023-11-30,21.2,11.8,16.2,0.0,0.0,0.0,,57.8,partly-cloudy-day
699,2023-12-01,21.9,11.8,15.5,0.0,0.0,0.0,['rain'],52.4,partly-cloudy-day
700,2023-12-02,17.9,11.0,13.8,0.0,0.0,0.0,,2.7,clear-day
701,2023-12-03,17.5,8.0,11.7,0.0,0.0,0.0,,21.5,partly-cloudy-day
702,2023-12-04,14.3,6.5,10.9,0.0,0.0,0.0,,77.8,partly-cloudy-day
703,2023-12-05,16.9,11.0,13.3,0.0,0.0,0.0,,49.7,partly-cloudy-day
704,2023-12-06,15.6,10.8,12.6,0.561,100.0,12.5,['rain'],72.4,rain
705,2023-12-07,18.0,8.0,12.8,0.611,100.0,4.17,['rain'],30.8,rain
706,2023-12-08,18.5,11.6,14.9,0.783,100.0,12.5,['rain'],34.8,rain
707,2023-12-09,22.4,12.0,16.3,0.0,0.0,0.0,,36.5,partly-cloudy-day
708,2023-12-10,24.1,13.8,18.0,0.0,0.0,0.0,,29.4,partly-cloudy-day
709,2023-12-11,23.0,14.0,17.7,0.0,0.0,0.0,,35.7,partly-cloudy-day
710,2023-12-12,23.4,12.0,16.7,0.0,0.0,0.0,,68.4,partly-cloudy-day
711,2023-12-13,19.8,13.1,17.4,0.0,0.0,0.0,,49.7,partly-cloudy-day
712,2023-12-14,18.6,11.9,14.3,0.0,0.0,0.0,,0.1,clear-day
713,2023-12-15,19.2,7.6,11.9,0.0,0.0,0.0,,0.0,clear-day
714,2023-12-16,16.5,4.8,10.0,0.0,0.0,0.0,,1.0,clear-day
715,2023-12-17,16.5,6.3,10.7,0.0,0.0,0.0,,12.1,clear-day
716,2023-12-18,17.0,7.2,10.9,0.0,0.0,0.0,,28.7,partly-cloudy-day
717,2023-12-19,18.3,3.4,9.4,0.0,0.0,0.0,,4.6,clear-day
718,2023-12-20,20.3,10.2,14.7,0.0,0.0,0.0,,41.1,partly-cloudy-day
719,2023-12-21,19.0,8.5,12.6,0.0,0.0,0.0,,9.3,clear-day
720,2023-12-22,18.4,8.7,12.7,0.0,0.0,0.0,,5.1,clear-day
721,2023-12-23,17.7,5.6,11.0,0.0,0.0,0.0,,10.5,clear-day
722,2023-12-24,17.3,4.3,9.9,0.0,0.0,0.0,,10.7,clear-day
723,2023-12-25,17.4,3.4,9.4,0.0,0.0,0.0,,16.9,clear-day
724,2023-12-26,17.0,3.7,9.2,0.0,0.0,0.0,,20.8,partly-cloudy-day
725,2023-12-27,16.8,2.4,9.0,0.0,0.0,0.0,,14.4,clear-day
726,2023-12-28,16.4,4.4,9.8,0.0,0.0,0.0,,23.7,partly-cloudy-day
727,2023-12-29,15.7,6.7,10.9,0.0,0.0,0.0,,85.4,partly-cloudy-day
728,2023-12-30,16.4,7.9,11.4,0.0,0.0,0.0,,34.1,partly-cloudy-day
729,2023-12-31,18.7,5.0,11.6,0.0,0.0,0.0,,68.3,partly-cloudy-day
730,2024-01-01,18.1,10.8,13.4,0.0,0.0,0.0,,56.1,partly-cloudy-day
731,2024-01-02,18.1,6.5,12.2,0.0,0.0,0.0,,48.5,partly-cloudy-day
732,2024-01-03,23.2,9.7,15.6,0.0,0.0,0.0,,58.1,partly-cloudy-day
733,2024-01-04,20.4,11.6,16.1,0.0,0.0,0.0,['rain'],60.6,partly-cloudy-day
734,2024-01-05,16.5,12.0,13.9,0.122,100.0,4.17,['rain'],51.8,rain
735,2024-01-06,16.1,10.7,12.6,0.0,0.0,0.0,,2.5,clear-day
736,2024-01-07,15.7,8.8,11.6,0.0,0.0,0.0,,24.1,partly-cloudy-day
737,2024-01-08,15.8,7.8,11.3,0.0,0.0,0.0,,11.5,clear-day
738,2024-01-09,15.1,9.5,12.0,0.0,0.0,0.0,['rain'],70.7,partly-cloudy-day
739,2024-01-10,14.2,9.6,11.5,6.633,100.0,20.83,['rain'],79.9,rain
740,2024-01-11,13.6,8.4,11.4,0.117,100.0,4.17,['rain'],54.7,rain
741,2024-01-12,13.1,6.8,9.7,0.0,0.0,0.0,,75.7,partly-cloudy-day
742,2024-01-13,15.6,5.1,9.7,0.0,0.0,0.0,,59.4,partly-cloudy-day
743,2024-01-14,20.8,7.6,13.8,0.0,0.0,0.0,,90.9,cloudy
744,2024-01-15,20.6,15.6,18.4,0.0,0.0,0.0,,75.3,partly-cloudy-day
745,2024-01-16,24.6,15.0,18.0,0.0,0.0,0.0,,64.0,partly-cloudy-day
746,2024-01-17,25.0,11.4,17.6,0.284,100.0,8.33,['rain'],34.3,rain
747,2024-01-18,22.1,10.8,16.2,0.0,0.0,0.0,,70.5,partly-cloudy-day
748,2024-01-19,16.0,12.4,14.0,0.489,100.0,8.33,['rain'],70.8,rain
749,2024-01-20,13.9,10.6,12.5,0.117,100.0,4.17,['rain'],83.5,rain
750,2024-01-21,16.4,8.1,11.8,0.0,0.0,0.0,,70.4,partly-cloudy-day
751,2024-01-22,18.4,5.0,10.7,0.0,0.0,0.0,,10.2,clear-day
752,2024-01-23,19.8,8.0,12.9,0.0,0.0,0.0,,14.2,clear-day
753,2024-01-24,23.1,8.5,13.6,0.0,0.0,0.0,,5.1,clear-day
754,2024-01-25,26.3,9.3,15.4,0.0,0.0,0.0,,10.0,clear-day
755,2024-01-26,21.4,10.3,15.0,0.0,0.0,0.0,,68.1,partly-cloudy-day
756,2024-01-27,20.1,7.7,13.3,0.0,0.0,0.0,,45.1,partly-cloudy-day
757,2024-01-28,19.0,7.3,13.2,0.0,0.0,0.0,,33.0,partly-cloudy-day
758,2024-01-29,16.6,9.9,13.2,0.0,0.0,0.0,,59.2,partly-cloudy-day
759,2024-01-30,16.5,12.9,14.6,0.0,0.0,0.0,,88.0,partly-cloudy-day
760,2024-01-31,15.7,13.1,14.1,0.0,0.0,0.0,,87.6,partly-cloudy-day
761,2024-02-01,16.9,8.6,12.5,0.0,0.0,0.0,,43.1,partly-cloudy-day
762,2024-02-02,16.2,5.1,10.5,0.0,0.0,0.0,,28.1,partly-cloudy-day
763,2024-02-03,18.3,6.2,11.4,0.0,0.0,0.0,,8.5,clear-day
764,2024-02-04,18.0,4.9,11.0,0.0,0.0,0.0,,3.6,clear-day
765,2024-02-05,19.2,4.1,10.8,0.0,0.0,0.0,,31.7,partly-cloudy-day
766,2024-02-06,18.1,8.2,12.5,0.0,0.0,0.0,,87.3,partly-cloudy-day
767,2024-02-07,22.9,12.6,17.4,0.0,0.0,0.0,,38.4,partly-cloudy-day
768,2024-02-08,20.8,10.8,15.7,0.0,0.0,0.0,,63.1,partly-cloudy-day
769,2024-02-09,15.8,12.0,13.6,5.743,100.0,54.17,['rain'],66.2,rain
770,2024-02-10,18.6,10.8,14.3,0.433,100.0,8.33,['rain'],31.8,rain
771,2024-02-11,14.6,9.6,12.0,0.039,100.0,4.17,['rain'],56.4,rain
772,2024-02-12,23.5,7.5,15.6,0.039,100.0,4.17,['rain'],34.5,rain
773,2024-02-13,24.3,15.0,18.7,0.0,0.0,0.0,,40.9,partly-cloudy-day
774,2024-02-14,18.7,10.0,15.1,0.0,0.0,0.0,,56.6,partly-cloudy-day
775,2024-02-15,18.6,10.3,14.4,0.323,100.0,8.33,['rain'],75.5,rain
776,2024-02-16,18.7,13.2,15.3,0.122,100.0,4.17,['rain'],70.6,rain
777,2024-02-17,19.0,10.2,14.0,0.0,0.0,0.0,,28.1,partly-cloudy-day
778,2024-02-18,19.5,8.1,13.6,0.0,0.0,0.0,,19.4,clear-day
779,2024-02-19,18.5,8.3,12.9,0.0,0.0,0.0,,51.8,partly-cloudy-day
780,2024-02-20,21.7,7.9,13.9,0.0,0.0,0.0,,22.7,partly-cloudy-day
781,2024-02-21,18.5,8.1,13.5,0.0,0.0,0.0,,71.6,partly-cloudy-day
782,2024-02-22,25.8,12.7,18.5,0.0,0.0,0.0,,75.9,partly-cloudy-day
783,2024-02-23,19.2,12.1,15.7,0.194,100.0,4.17,['rain'],47.2,rain
784,2024-02-24,17.5,10.4,13.6,0.0,0.0,0.0,,44.1,partly-cloudy-day
785,2024-02-25,21.9,10.6,14.3,0.0,0.0,0.0,['rain'],65.9,partly-cloudy-day
786,2024-02-26,18.8,12.8,15.5,0.0,0.0,0.0,,46.4,partly-cloudy-day
787,2024-02-27,17.2,11.2,14.3,0.0,0.0,0.0,,59.4,partly-cloudy-day
788,2024-02-28,19.1,8.6,12.8,0.0,0.0,0.0,,34.4,partly-cloudy-day
789,2024-02-29,19.7,8.2,14.6,0.0,0.0,0.0,,7.6,clear-day
790,2024-03-01,20.0,10.0,14.6,0.0,0.0,0.0,,0.0,clear-day
791,2024-03-02,19.6,8.6,14.5,0.0,0.0,0.0,,18.8,clear-day
792,2024-03-03,16.7,8.9,12.4,0.878,100.0,8.33,['rain'],24.7,rain
793,2024-03-04,19.5,8.7,14.7,0.0,0.0,0.0,,43.4,partly-cloudy-day
794,2024-03-05,20.4,11.2,14.9,0.0,0.0,0.0,,1.7,clear-day
795,2024-03-06,17.5,6.9,12.6,0.0,0.0,0.0,,19.8,clear-day
796,2024-03-07,16.7,8.9,12.9,0.0,0.0,0.0,['rain'],54.3,partly-cloudy-day
797,2024-03-08,19.2,8.8,14.1,0.039,100.0,4.17,['rain'],30.8,rain
798,2024-03-09,15.9,8.8,11.7,0.716,100.0,20.83,['rain'],81.6,rain
799,2024-03-10,19.9,4.6,12.6,0.0,0.0,0.0,['rain'],45.8,partly-cloudy-day
800,2024-03-11,20.0,11.1,15.4,0.0,0.0,0.0,,40.0,partly-cloudy-day
801,2024-03-12,18.0,11.0,14.8,0.0,0.0,0.0,,8.4,clear-day
802,2024-03-13,17.5,8.0,12.8,0.0,0.0,0.0,,31.0,partly-cloudy-day
803,2024-03-14,20.5,7.0,13.9,0.0,0.0,0.0,,13.3,clear-day
804,2024-03-15,24.8,12.3,17.9,0.0,0.0,0.0,,48.8,partly-cloudy-day
805,2024-03-16,23.5,13.8,17.7,0.0,0.0,0.0,,35.3,partly-cloudy-day
806,2024-03-17,24.9,11.1,17.6,0.0,0.0,0.0,,54.3,partly-cloudy-day
807,2024-03-18,21.9,12.0,16.5,0.0,0.0,0.0,,81.1,partly-cloudy-day
808,2024-03-19,20.8,13.0,16.6,0.0,0.0,0.0,,59.9,partly-cloudy-day
809,2024-03-20,23.0,12.2,17.8,0.0,0.0,0.0,,74.0,partly-cloudy-day
810,2024-03-21,21.0,16.0,18.3,0.0,0.0,0.0,['rain'],93.7,cloudy
811,2024-03-22,25.4,13.1,18.2,0.0,0.0,0.0,,48.4,partly-cloudy-day
812,2024-03-23,20.7,13.3,17.5,0.0,0.0,0.0,,82.0,partly-cloudy-day
813,2024-03-24,18.3,13.0,15.5,0.511,100.0,8.33,['rain'],69.9,rain
814,2024-03-25,19.5,14.0,15.7,1.933,100.0,29.17,['rain'],65.0,rain
815,2024-03-26,16.4,8.9,13.8,0.161,100.0,8.33,['rain'],55.8,rain
816,2024-03-27,25.0,8.9,16.6,0.1,100.0,4.17,['rain'],41.5,rain
817,2024-03-28,24.0,13.0,18.3,0.0,0.0,0.0,['rain'],69.0,partly-cloudy-day
818,2024-03-29,22.0,10.0,16.9,0.0,0.0,0.0,,57.3,partly-cloudy-day
819,2024-03-30,19.0,8.9,14.3,0.8,100.0,16.67,['rain'],49.7,rain
820,2024-03-31,20.0,8.9,13.2,3.2,100.0,29.17,['rain'],45.8,rain
821,2024-04-01,20.0,7.0,14.7,0.0,0.0,0.0,,50.9,partly-cloudy-day
822,2024-04-02,20.0,10.0,15.5,0.0,0.0,0.0,,41.9,partly-cloudy-day
823,2024-04-03,24.5,9.9,17.1,0.0,0.0,0.0,,13.7,clear-day
824,2024-04-04,23.4,11.5,17.1,0.0,0.0,0.0,,20.1,partly-cloudy-day
825,2024-04-05,22.9,11.1,17.1,0.0,0.0,0.0,,66.7,partly-cloudy-day
826,2024-04-06,23.3,12.4,18.6,0.0,0.0,0.0,,53.6,partly-cloudy-day
827,2024-04-07,24.4,18.8,20.8,0.0,0.0,0.0,,67.5,partly-cloudy-day
828,2024-04-08,23.7,16.3,20.3,0.0,0.0,0.0,,65.2,partly-cloudy-day
829,2024-04-09,22.5,13.9,18.0,0.0,0.0,0.0,,4.0,clear-day
830,2024-04-10,21.1,9.9,15.6,0.0,0.0,0.0,,12.0,clear-day
831,2024-04-11,19.9,12.0,16.0,0.0,0.0,0.0,,20.8,partly-cloudy-day
832,2024-04-12,21.9,10.4,16.7,0.0,0.0,0.0,,8.0,clear-day
833,2024-04-13,23.3,11.6,17.7,0.0,0.0,0.0,,0.0,clear-day
834,2024-04-14,25.5,12.3,19.2,0.0,0.0,0.0,,0.3,clear-day
835,2024-04-15,26.4,14.4,20.1,0.0,0.0,0.0,,41.3,partly-cloudy-day
836,2024-04-16,23.6,13.5,18.1,0.0,0.0,0.0,,8.2,clear-day
837,2024-04-17,19.6,14.1,17.3,0.0,0.0,0.0,,33.7,partly-cloudy-day
838,2024-04-18,20.4,12.5,16.6,0.0,0.0,0.0,,44.9,partly-cloudy-day
839,2024-04-19,18.8,14.1,16.2,0.0,0.0,0.0,['rain'],54.7,partly-cloudy-day
840,2024-04-20,18.7,9.4,14.4,0.0,0.0,0.0,,58.0,partly-cloudy-day
841,2024-04-21,19.4,11.9,15.9,0.0,0.0,0.0,,36.7,partly-cloudy-day
842,2024-04-22,19.0,11.4,15.0,0.0,0.0,0.0,['rain'],65.0,partly-cloudy-day
843,2024-04-23,18.5,10.4,14.8,0.489,100.0,8.33,['rain'],47.9,rain
844,2024-04-24,17.4,10.2,14.3,0.0,0.0,0.0,,27.6,partly-cloudy-day
845,2024-04-25,19.4,9.5,15.1,0.0,0.0,0.0,,35.7,partly-cloudy-day
846,2024-04-26,20.7,12.7,16.9,0.0,0.0,0.0,,56.9,partly-cloudy-day
847,2024-04-27,23.3,13.0,18.5,0.0,0.0,0.0,['rain'],75.9,partly-cloudy-day
848,2024-04-28,18.0,13.6,15.7,1.877,100.0,25.0,['rain'],78.3,rain
849,2024-04-29,17.3,12.5,14.4,0.751,100.0,20.83,['rain'],72.4,rain
850,2024-04-30,22.2,11.2,16.4,1.223,100.0,4.17,['rain'],36.5,rain
851,2024-05-01,22.0,13.0,16.8,1.6,100.0,12.5,['rain'],46.1,rain
852,2024-05-02,22.7,10.3,16.3,0.194,100.0,4.17,['rain'],25.7,rain
853,2024-05-03,22.5,12.1,17.6,0.0,0.0,0.0,,58.1,partly-cloudy-day
854,2024-05-04,25.3,12.7,19.3,0.0,0.0,0.0,,6.2,clear-day
855,2024-05-05,26.6,13.4,19.7,0.0,0.0,0.0,,37.6,partly-cloudy-day
856,2024-05-06,25.5,16.5,20.8,0.0,0.0,0.0,['rain'],49.4,partly-cloudy-day
857,2024-05-07,21.0,14.6,18.3,0.0,0.0,0.0,,15.5,clear-day
858,2024-05-08,21.2,12.5,17.5,0.0,0.0,0.0,,21.2,partly-cloudy-day
859,2024-05-09,24.5,11.5,18.8,0.0,0.0,0.0,,32.3,partly-cloudy-day
860,2024-05-10,23.3,14.2,19.3,0.0,0.0,0.0,,50.3,partly-cloudy-day
861,2024-05-11,22.3,14.8,18.7,0.0,0.0,0.0,,64.4,partly-cloudy-day
862,2024-05-12,23.7,15.0,19.8,0.0,0.0,0.0,['rain'],48.1,partly-cloudy-day
863,2024-05-13,25.2,15.5,20.7,0.0,0.0,0.0,,69.9,partly-cloudy-day
864,2024-05-14,30.0,15.5,22.1,0.0,0.0,0.0,,48.4,partly-cloudy-day
865,2024-05-15,26.1,17.9,21.5,0.0,0.0,0.0,,37.3,partly-cloudy-day
866,2024-05-16,25.9,15.9,20.4,0.0,0.0,0.0,,35.0,partly-cloudy-day
867,2024-05-17,25.1,13.9,20.0,0.0,0.0,0.0,,11.5,clear-day
868,2024-05-18,23.2,15.3,19.9,0.0,0.0,0.0,,38.9,partly-cloudy-day
869,2024-05-19,23.0,16.8,19.6,0.0,0.0,0.0,,67.7,partly-cloudy-day
870,2024-05-20,25.1,16.6,20.3,0.0,0.0,0.0,,51.0,partly-cloudy-day
871,2024-05-21,25.1,16.3,20.8,0.0,0.0,0.0,,41.4,partly-cloudy-day
872,2024-05-22,24.5,18.0,21.3,0.0,0.0,0.0,,30.0,partly-cloudy-day
873,2024-05-23,24.3,14.8,19.6,0.0,0.0,0.0,,55.1,partly-cloudy-day
874,2024-05-24,24.6,15.1,20.4,0.0,0.0,0.0,['rain'],25.3,partly-cloudy-day
875,2024-05-25,25.4,15.5,21.2,0.0,0.0,0.0,,5.1,clear-day
876,2024-05-26,25.0,17.3,21.4,0.0,0.0,0.0,,29.0,partly-cloudy-day
877,2024-05-27,27.2,18.7,22.7,0.0,0.0,0.0,['rain'],36.9,partly-cloudy-day
878,2024-05-28,24.8,18.0,21.8,0.0,0.0,0.0,,42.1,partly-cloudy-day
879,2024-05-29,27.0,15.6,22.0,0.122,100.0,4.17,['rain'],7.9,rain
880,2024-05-30,29.2,16.7,23.3,0.0,0.0,0.0,,4.6,clear-day
881,2024-05-31,24.8,19.0,21.8,0.0,0.0,0.0,['rain'],44.3,partly-cloudy-day
882,2024-06-01,23.5,18.9,21.0,0.489,100.0,4.17,['rain'],56.2,rain
883,2024-06-02,23.8,17.4,20.8,0.0,0.0,0.0,,31.7,partly-cloudy-day
884,2024-06-03,24.5,17.0,21.0,0.0,0.0,0.0,,35.8,partly-cloudy-day
885,2024-06-04,26.3,17.1,22.3,0.0,0.0,0.0,,21.7,partly-cloudy-day
886,2024-06-05,27.9,17.1,23.1,0.0,0.0,0.0,,11.3,clear-day
887,2024-06-06,28.4,18.5,24.5,0.0,0.0,0.0,,62.6,partly-cloudy-day
888,2024-06-07,29.1,24.7,26.8,0.0,0.0,0.0,['rain'],49.7,partly-cloudy-day
889,2024-06-08,27.9,22.2,25.3,0.0,0.0,0.0,['rain'],64.3,partly-cloudy-day
890,2024-06-09,31.9,20.2,25.6,0.0,0.0,0.0,,35.8,partly-cloudy-day
891,2024-06-10,25.8,20.6,23.1,0.367,100.0,4.17,['rain'],30.9,rain
892,2024-06-11,26.0,18.7,21.3,10.568,100.0,16.67,['rain'],54.7,rain
893,2024-06-12,22.7,16.9,20.0,12.067,100.0,29.17,['rain'],81.6,rain
894,2024-06-13,25.2,15.7,20.5,0.0,0.0,0.0,,50.1,partly-cloudy-day
895,2024-06-14,31.5,17.1,24.3,0.0,0.0,0.0,,14.6,clear-day
896,2024-06-15,32.6,20.8,25.4,0.0,0.0,0.0,,54.4,partly-cloudy-day
897,2024-06-16,27.5,20.8,24.1,0.284,100.0,8.33,['rain'],28.7,rain
898,2024-06-17,26.4,19.7,23.3,0.0,0.0,0.0,['rain'],20.0,clear-day
899,2024-06-18,28.0,18.4,23.8,0.0,0.0,0.0,,25.2,partly-cloudy-day
900,2024-06-19,28.3,21.1,24.3,0.0,0.0,0.0,,60.4,partly-cloudy-day
901,2024-06-20,28.5,20.7,24.7,0.0,0.0,0.0,,25.9,partly-cloudy-day
902,2024-06-21,27.8,20.8,24.1,0.0,0.0,0.0,,11.0,clear-day
903,2024-06-22,30.2,18.2,24.1,0.0,0.0,0.0,,36.2,partly-cloudy-day
904,2024-06-23,26.9,20.9,24.0,0.0,0.0,0.0,,39.6,partly-cloudy-day
905,2024-06-24,25.9,22.0,23.7,0.0,0.0,0.0,,50.7,partly-cloudy-day
906,2024-06-25,27.3,20.1,23.9,0.0,0.0,0.0,,36.1,partly-cloudy-day
907,2024-06-26,28.6,20.6,24.7,0.0,0.0,0.0,,39.5,partly-cloudy-day
908,2024-06-27,29.7,21.6,25.5,0.0,0.0,0.0,,49.4,partly-cloudy-day
909,2024-06-28,27.4,22.9,25.2,0.0,0.0,0.0,['rain'],60.3,partly-cloudy-day
910,2024-06-29,31.2,22.2,26.3,0.0,0.0,0.0,['rain'],17.1,clear-day
911,2024-06-30,30.9,22.3,25.8,0.0,0.0,0.0,,8.6,clear-day
912,2024-07-01,28.2,21.6,24.4,0.65,100.0,8.33,['rain'],52.1,rain
913,2024-07-02,28.3,19.4,24.3,0.0,0.0,0.0,,13.7,clear-day
914,2024-07-03,28.8,19.9,25.3,0.0,0.0,0.0,,10.3,clear-day
915,2024-07-04,31.9,20.8,26.3,0.0,0.0,0.0,,0.3,clear-day
916,2024-07-05,29.5,21.7,25.7,0.0,0.0,0.0,,5.7,clear-day
917,2024-07-06,29.8,21.4,25.7,0.0,0.0,0.0,,32.4,partly-cloudy-day
918,2024-07-07,27.9,21.8,25.0,0.0,0.0,0.0,,45.7,partly-cloudy-day
919,2024-07-08,27.9,22.4,25.0,0.0,0.0,0.0,['rain'],30.3,partly-cloudy-day
920,2024-07-09,28.0,21.4,25.1,0.0,0.0,0.0,,34.1,partly-cloudy-day
921,2024-07-10,30.4,21.6,26.3,0.0,0.0,0.0,,13.1,clear-day
922,2024-07-11,30.8,22.3,26.4,0.0,0.0,0.0,,14.4,clear-day
923,2024-07-12,30.2,22.2,26.3,0.0,0.0,0.0,['rain'],44.9,partly-cloudy-day
924,2024-07-13,28.4,24.9,26.3,0.0,0.0,0.0,['rain'],71.2,partly-cloudy-day
925,2024-07-14,31.1,23.3,26.9,0.0,0.0,0.0,,38.7,partly-cloudy-day
926,2024-07-15,32.6,22.4,27.6,0.0,0.0,0.0,,11.6,clear-day
927,2024-07-16,31.6,22.8,27.0,0.0,0.0,0.0,,20.4,partly-cloudy-day
928,2024-07-17,29.4,24.2,26.9,0.0,0.0,0.0,,23.2,partly-cloudy-day
929,2024-07-18,31.6,22.4,27.0,0.0,0.0,0.0,,14.0,clear-day
930,2024-07-19,32.8,22.7,28.4,0.0,0.0,0.0,,5.6,clear-day
931,2024-07-20,34.2,22.7,28.7,0.0,0.0,0.0,,4.3,clear-day
932,2024-07-21,34.3,24.9,28.7,0.0,0.0,0.0,,11.3,clear-day
933,2024-07-22,30.4,25.3,27.2,0.0,0.0,0.0,,35.5,partly-cloudy-day
934,2024-07-23,32.5,22.2,27.4,0.0,0.0,0.0,,2.6,clear-day
935,2024-07-24,33.2,21.7,28.2,0.0,0.0,0.0,,2.5,clear-day
936,2024-07-25,31.6,22.9,27.3,0.0,0.0,0.0,,26.0,partly-cloudy-day
937,2024-07-26,30.8,23.8,27.3,0.0,0.0,0.0,,28.7,partly-cloudy-day
938,2024-07-27,29.8,21.0,26.4,0.0,0.0,0.0,,18.4,clear-day
939,2024-07-28,32.4,23.0,28.2,0.0,0.0,0.0,,17.4,clear-day
940,2024-07-29,33.4,24.5,29.2,0.0,0.0,0.0,,19.1,clear-day
941,2024-07-30,35.4,24.6,30.2,0.0,0.0,0.0,,15.3,clear-day
942,2024-07-31,34.2,23.4,29.3,0.0,0.0,0.0,,0.0,clear-day
943,2024-08-01,32.0,24.3,28.3,0.0,0.0,0.0,['rain'],20.0,clear-day
944,2024-08-02,32.7,24.9,28.3,0.0,0.0,0.0,,32.6,partly-cloudy-day
945,2024-08-03,31.9,24.0,28.2,0.0,0.0,0.0,,10.9,clear-day
946,2024-08-04,32.8,23.9,28.5,0.0,0.0,0.0,,2.9,clear-day
947,2024-08-05,33.6,22.8,28.4,0.0,0.0,0.0,,3.3,clear-day
948,2024-08-06,33.0,23.0,28.6,0.0,0.0,0.0,,6.0,clear-day
949,2024-08-07,34.1,23.5,29.2,0.0,0.0,0.0,,11.7,clear-day
950,2024-08-08,34.3,23.3,28.9,0.0,0.0,0.0,,5.5,clear-day
951,2024-08-09,34.1,23.0,28.8,0.0,0.0,0.0,,2.6,clear-day
952,2024-08-10,34.5,22.9,29.3,0.0,0.0,0.0,,0.0,clear-day
953,2024-08-11,34.2,23.1,29.2,0.0,0.0,0.0,,0.0,clear-day
954,2024-08-12,32.0,23.0,28.0,0.0,0.0,0.0,,11.6,clear-day
955,2024-08-13,31.4,23.9,27.5,0.0,0.0,0.0,,55.0,partly-cloudy-day
956,2024-08-14,29.9,23.0,25.5,13.503,100.0,29.17,['rain'],64.5,rain
957,2024-08-15,29.0,20.1,24.9,0.283,100.0,4.17,['rain'],38.2,rain
958,2024-08-16,31.2,20.9,26.2,0.0,0.0,0.0,,16.9,clear-day
959,2024-08-17,32.5,22.0,27.4,0.0,0.0,0.0,,13.7,clear-day
960,2024-08-18,31.1,22.0,27.2,0.0,0.0,0.0,,15.1,clear-day
961,2024-08-19,31.5,24.3,27.9,0.0,0.0,0.0,,22.0,partly-cloudy-day
962,2024-08-20,32.1,24.0,27.9,0.0,0.0,0.0,,30.0,partly-cloudy-day
963,2024-08-21,30.3,24.8,27.1,0.0,0.0,0.0,,53.1,partly-cloudy-day
964,2024-08-22,32.2,23.7,27.3,0.0,0.0,0.0,,41.5,partly-cloudy-day
965,2024-08-23,31.0,24.0,27.4,0.0,0.0,0.0,,28.2,partly-cloudy-day
966,2024-08-24,30.9,23.2,27.1,0.0,0.0,0.0,,23.8,partly-cloudy-day
967,2024-08-25,31.0,24.0,27.7,0.0,0.0,0.0,,48.4,partly-cloudy-day
968,2024-08-26,30.0,24.4,27.0,0.0,0.0,0.0,,50.3,partly-cloudy-day
969,2024-08-27,31.2,23.6,27.1,0.0,0.0,0.0,,64.1,partly-cloudy-day
970,2024-08-28,30.1,23.6,26.8,0.0,0.0,0.0,,26.9,partly-cloudy-day
971,2024-08-29,29.5,23.8,26.6,0.0,0.0,0.0,,45.0,partly-cloudy-day
972,2024-08-30,29.1,24.1,26.3,0.0,0.0,0.0,,49.2,partly-cloudy-day
973,2024-08-31,29.6,23.1,26.7,1.422,100.0,16.67,['rain'],46.3,rain
974,2024-09-01,30.3,23.3,26.7,0.0,0.0,0.0,,40.6,partly-cloudy-day
975,2024-09-02,30.4,24.9,27.1,0.0,0.0,0.0,,53.5,partly-cloudy-day
976,2024-09-03,29.3,23.9,25.7,5.392,100.0,20.83,['rain'],45.3,rain
977,2024-09-04,28.6,22.5,25.0,8.585,100.0,16.67,['rain'],63.4,rain
978,2024-09-05,27.5,21.6,24.2,0.709,100.0,8.33,['rain'],62.8,rain
979,2024-09-06,30.5,22.2,25.8,0.0,0.0,0.0,['rain'],36.5,partly-cloudy-day
980,2024-09-07,30.0,21.0,25.5,0.0,0.0,0.0,,39.8,partly-cloudy-day
981,2024-09-08,30.3,23.0,26.5,2.213,100.0,12.5,['rain'],48.5,rain
982,2024-09-09,29.0,21.8,25.8,0.0,0.0,0.0,,12.7,clear-day
983,2024-09-10,28.0,20.3,24.4,0.0,0.0,0.0,,22.0,partly-cloudy-day
984,2024-09-11,28.2,22.3,25.0,0.0,0.0,0.0,,43.7,partly-cloudy-day
985,2024-09-12,29.7,21.3,25.5,0.028,100.0,4.17,['rain'],41.3,rain
986,2024-09-13,25.1,21.5,23.5,0.141,100.0,4.17,['rain'],62.1,rain
987,2024-09-14,25.4,19.5,22.2,0.0,0.0,0.0,['rain'],55.6,partly-cloudy-day
988,2024-09-15,27.1,17.0,22.1,0.0,0.0,0.0,,6.0,clear-day
989,2024-09-16,26.8,17.6,22.5,0.0,0.0,0.0,,24.3,partly-cloudy-day
990,2024-09-17,26.1,18.4,22.5,0.078,100.0,4.17,['rain'],49.3,rain
991,2024-09-18,24.3,20.7,22.1,0.272,100.0,8.33,['rain'],58.7,rain
992,2024-09-19,24.0,18.7,21.4,3.201,100.0,16.67,['rain'],63.6,rain
993,2024-09-20,25.6,17.5,21.6,0.0,0.0,0.0,['rain'],54.1,partly-cloudy-day
994,2024-09-21,25.3,21.6,23.2,1.467,100.0,16.67,['rain'],50.6,rain
995,2024-09-22,27.2,19.1,23.4,0.0,0.0,0.0,['rain'],34.6,partly-cloudy-day
996,2024-09-23,27.6,19.2,23.3,0.0,0.0,0.0,['rain'],53.4,partly-cloudy-day
997,2024-09-24,29.2,18.6,23.7,0.0,0.0,0.0,,80.8,partly-cloudy-day
998,2024-09-25,30.0,19.7,24.3,0.0,0.0,0.0,,53.3,partly-cloudy-day
999,2024-09-26,31.1,19.6,25.3,0.0,0.0,0.0,,3.3,clear-day
1000,2024-09-27,30.4,23.2,26.0,0.0,0.0,0.0,,27.4,partly-cloudy-day
1001,2024-09-28,24.1,18.7,21.9,0.0,0.0,0.0,,21.6,partly-cloudy-day
1002,2024-09-29,24.8,15.7,20.6,0.0,0.0,0.0,,27.4,partly-cloudy-day
1003,2024-09-30,25.3,16.1,21.0,0.0,0.0,0.0,,10.1,clear-day
1004,2024-10-01,26.8,16.8,21.6,0.0,0.0,0.0,,33.8,partly-cloudy-day
1005,2024-10-02,33.8,18.9,25.3,0.0,0.0,0.0,,50.1,partly-cloudy-day
1006,2024-10-03,29.2,21.2,25.2,0.0,0.0,0.0,,52.3,partly-cloudy-day
1007,2024-10-04,24.9,17.1,21.3,0.0,0.0,0.0,,38.1,partly-cloudy-day
1008,2024-10-05,27.3,17.5,22.2,0.0,0.0,0.0,,36.7,partly-cloudy-day
1009,2024-10-06,31.6,20.5,25.1,0.0,0.0,0.0,,28.4,partly-cloudy-day
1010,2024-10-07,27.3,19.2,23.3,0.0,0.0,0.0,,80.6,partly-cloudy-day
1011,2024-10-08,27.5,20.0,23.4,0.0,0.0,0.0,,72.3,partly-cloudy-day
1012,2024-10-09,26.6,16.0,21.3,0.0,0.0,0.0,,69.1,partly-cloudy-day
1013,2024-10-10,25.4,18.8,22.6,0.0,0.0,0.0,,61.5,partly-cloudy-day
1014,2024-10-11,24.0,15.2,19.6,0.0,0.0,0.0,,40.7,partly-cloudy-day
1015,2024-10-12,25.4,16.0,20.3,0.0,0.0,0.0,['rain'],57.6,partly-cloudy-day
1016,2024-10-13,26.5,19.3,23.0,0.0,0.0,0.0,,43.8,partly-cloudy-day
1017,2024-10-14,27.0,20.2,23.1,0.0,0.0,0.0,,32.9,partly-cloudy-day
1018,2024-10-15,25.8,20.7,22.5,0.445,100.0,8.33,['rain'],51.2,rain
1019,2024-10-16,27.2,17.3,22.0,0.0,0.0,0.0,,28.4,partly-cloudy-day
1020,2024-10-17,25.5,18.1,21.5,0.0,0.0,0.0,['rain'],30.0,partly-cloudy-day
1021,2024-10-18,24.6,16.7,19.7,0.0,0.0,0.0,,22.3,partly-cloudy-day
1022,2024-10-19,26.5,16.6,20.5,0.0,0.0,0.0,,62.7,partly-cloudy-day
1023,2024-10-20,26.1,17.3,21.7,0.0,0.0,0.0,,45.0,partly-cloudy-day
1024,2024-10-21,23.9,15.8,20.1,0.0,0.0,0.0,,17.1,clear-day
1025,2024-10-22,24.0,16.4,19.8,0.0,0.0,0.0,['rain'],45.0,partly-cloudy-day
1026,2024-10-23,22.5,18.4,20.0,2.577,100.0,8.33,['rain'],56.1,rain
1027,2024-10-24,23.1,15.0,19.0,0.0,0.0,0.0,,53.5,partly-cloudy-day
1028,2024-10-25,22.4,15.7,18.8,0.766,100.0,8.33,['rain'],50.8,rain
1029,2024-10-26,21.1,16.0,18.3,0.883,100.0,16.67,['rain'],41.7,rain
1030,2024-10-27,17.4,12.5,14.4,13.579,100.0,62.5,['rain'],80.0,rain
1031,2024-10-28,21.0,11.4,16.6,4.228,100.0,20.83,['rain'],42.6,rain
1032,2024-10-29,22.3,18.7,21.1,3.138,100.0,37.5,['rain'],77.1,rain
1033,2024-10-30,23.4,15.3,19.6,0.0,0.0,0.0,,35.3,partly-cloudy-day
1034,2024-10-31,23.6,12.8,18.3,0.0,0.0,0.0,,38.3,partly-cloudy-day
